headline,description,link,source,author,query_used,pub_datetime,pub_date,scraped_at
Trump Plays Nice With Asian Allies Stung by Repeated Threats,"After months of tariff threats and brow-beating on defense spending, American allies in Asia had ample reason to be wary of President Donald Trump. But he ended up using a three-nation tour of the region to hammer home a clear message: The US still has your b…",https://financialpost.com/pmn/business-pmn/trump-plays-nice-with-asian-allies-stung-by-repeated-threats,Financial Post,Bloomberg News,aviation,2025-11-02T00:28:05Z,2025-11-02,2025-11-03T00:32:02Z
"War for Ukraine Day 1,346: Generals Syrskyi & Budanov To the Front!","As I noted in yesterday’s update, it was being reported that LTG Budanov, Commander of Ukraine’s Main Directorate of Intelligence (HUR), was directing the campaign to counter Russia’s assault on Pokrovsk from Pokrovsk. That has been confirmed and, additionall…",https://balloon-juice.com/2025/11/01/war-for-ukraine-day-1346-generals-syrskyi-budanov-to-the-front/,Balloon-juice.com,Adam L Silverman,aviation,2025-11-02T00:20:46Z,2025-11-02,2025-11-03T00:32:02Z
Baseball fans outraged after controversial World Series run celebration: 'Stupid',"""Suck on that.""",https://sports.yahoo.com/article/baseball-fans-outraged-controversial-world-001000992.html,Yahoo Entertainment,Robert Crow,aviation,2025-11-02T00:10:00Z,2025-11-02,2025-11-03T00:32:02Z
"Articles On: Taiwan Crisis, South China Sea, India, Russia, and South-East Asia","Articles on the comprehensive military modernization and expansion program undertaken by the Chinese Communist Party, which supports an increasingly aggressive foreign policy and threatens the safety of China's neighbors.",https://www.hoover.org/research/articles-taiwan-crisis-south-china-sea-india-russia-and-south-east-asia,Hoover.org,"November 2, 2025",aviation,2025-11-02T00:00:00Z,2025-11-02,2025-11-03T00:32:02Z
Inside the last Boeing 707 to serve as Air Force One: See Reagan’s jet that marked the end of an era,"The last Boeing 707 Air Force One now sits in a stunning glass pavilion in California, where visitors can discover the aircraft that carried Reagan and six other presidents through history.",https://www.foxnews.com/travel/last-boeing-707-serve-air-force-one-see-reagans-jet-marked-end-era,Fox News,NA,aviation,2025-11-01T23:52:28Z,2025-11-01,2025-11-03T00:32:02Z
FAA urges lawmakers to reopen the government amid staffing shortages,Federal Aviation Administration officials on Friday urged Congress to approve government funding as more air traffic controllers call in sick amid the...,https://www.upi.com/Top_News/US/2025/11/01/air-traffic/6041762039108/,UPI.com,Mike Heuer,aviation,2025-11-01T23:27:35Z,2025-11-01,2025-11-03T00:32:02Z
Anduril’s YFQ-44A Begins Flight Testing for the Collaborative Combat Aircraft Program,"{ window.open(this.href, '_blank'); }, 200); return false;""&gt;Why is Berkshire Hathaway's cash pile at a record high? { window.open(this.href, '_blank'); }, 200); return false;""&gt;How will Warren B… [+794 chars]",https://biztoc.com/x/c44123514f2cccaf,Biztoc.com,anduril.com,aviation,2025-11-01T23:15:31Z,2025-11-01,2025-11-03T00:32:02Z
"Singapore Airlines Round The World: CNS $1806, DRW $1813, MEL $1823, BNE $1826, ADL $1895, PER $1901, SYD $1906 @ IWTF","This is a great round-the-world itinerary with Singapore Airlines. Fly Australia to Paris, connect on your own to Frankfurt, jet off to New York, make your way to Los Angeles, then back to Australia. …",https://www.ozbargain.com.au/node/931131,Ozbargain.com.au,IWantThatFlight,aviation,2025-11-01T23:08:09Z,2025-11-01,2025-11-03T00:32:02Z
Trust in Transition: Why Global Aviation Is Starting to Fly on Chinese Certification,"When Brunei quietly announced that it would recognize the airworthiness rules of China’s Civil Aviation Administration, it seemed like a bureaucratic footnote. But the decision is a bellwether. By accepting CAAC certification as valid within its own jurisdict…",https://cleantechnica.com/2025/11/01/trust-in-transition-why-global-aviation-is-starting-to-fly-on-chinese-certification/,CleanTechnica,Michael Barnard,aviation,2025-11-01T22:55:12Z,2025-11-01,2025-11-03T00:32:02Z
"Pilots union gives Lufthansa time to resolve pensions dispute, averting possible strike","FRANKFURT () -Germany's pilots union VC is giving Lufthansa more time to resolve a pensions dispute, averting a possible strike at the airline for now...",https://finance.yahoo.com/news/pilots-union-gives-lufthansa-time-223342693.html,Yahoo Entertainment,Reuters,aviation,2025-11-01T22:33:42Z,2025-11-01,2025-11-03T00:32:02Z
Condor Airlines Cuts Another City as it Further Retreats in the United States,"Leisure carrier, Condor Airlines, offers great fares to/from the United States and some of…
The post Condor Airlines Cuts Another City as it Further Retreats in the United States appeared first on The Bulkhead Seat.",https://thebulkheadseat.com/condor-airlines-cuts-another-city-as-it-further-retreats-in-the-united-states/,Thebulkheadseat.com,The Bulkhead Seat,aviation,2025-11-01T21:50:54Z,2025-11-01,2025-11-03T00:32:02Z
Flights delayed across US amid air traffic controller shortages as shutdown drags on,"Nearly 50% of 30 busiest airports facing absences as staff are forced to work without pay and shutdown hits 31st day
Nearly 50% of the 30 busiest US airports faced shortages of air traffic controllers, the Federal Aviation Administration (FAA) said on Friday,…",https://biztoc.com/x/307d2a8c412046e8,Biztoc.com,theguardian.com,aviation,2025-11-01T21:46:34Z,2025-11-01,2025-11-03T00:32:02Z
Honeywell Unveils New Biocrude Technology for Sustainable Fuel,"Shipping and aviation are considered to be some of the hardest to abate sectors when it comes to decarbonization. Together, these two sectors account for a whopping 10% of global greenhouse gas emissions, and that figure is likely going to rise as more goods …",https://oilprice.com/Energy/Energy-General/Honeywell-Unveils-New-Biocrude-Technology-for-Sustainable-Fuel.html,OilPrice.com,Haley Zaremba,aviation,2025-11-01T21:00:00Z,2025-11-01,2025-11-03T00:32:02Z
"United: Arriving flight at LaGuardia grazed parked plane, worsening Friday delays","Two United Airlines planes grazed each other on the ground at LaGuardia Airport Friday evening, the airline said, exacerbating delays caused by ongoing staffing shortages.
United flight 580 was turning into its gate after arriving from Chicago when it struck …",https://biztoc.com/x/d50f562792032a42,Biztoc.com,gothamist.com,aviation,2025-11-01T20:51:35Z,2025-11-01,2025-11-03T00:32:02Z
NTSB Final Report: Airbus A321-271N (A1); Cessna 172N (A2),"The Local Controller’s Poor Judgment In Prioritization Of Their Ground Traffic Ahead Of Their Airborne Traffic Analysis: Hawaiian Airlines flight 70 (HAL70), N2165HA, an Airbus A321, and a Textron Aviation, Inc. C172N, N24CV, were involved in a near mid air c…",https://www.aero-news.net/index.cfm?do=main.textpost&id=DBD2B292-C2B7-4AE4-BCEC-1F06EADE1D5D,Aero-news.net,NA,aviation,2025-11-01T20:51:34Z,2025-11-01,2025-11-03T00:32:02Z
"Airborne Affordable Flyers 10.31.25: CubCrafter 37K'!, Affordable Expo, Sonex HW","Also: AFE25 Ticket Info, Flying Into AFE, Deltahawk Steps WAY Up, SnF Invaluable to AFE25 OK... this is an insane record... and one that is likely to stand for a while as we’re not sure there are many who would choose to challenge it. A next-gen CubCrafters C…",https://www.aero-news.net/index.cfm?do=main.textpost&id=13E0D648-8FC3-45AE-962A-777DBAB0D785,Aero-news.net,NA,aviation,2025-11-01T20:51:13Z,2025-11-01,2025-11-03T00:32:02Z
ANN's Daily Aero-Linx (10.31.25),"Aero Linx: African Civil Aviation Commission (AFCAC) At AFCAC, our Safety Strategic Objective is to enhance Aviation Safety and the efficiency of Air Navigation Services in Africa. We support Member States’ Implementation of ICAO Standards and Recommended Pra…",https://www.aero-news.net/index.cfm?do=main.textpost&id=0AE428C9-9FA3-4C20-89A2-6BE0BC3B0E0A,Aero-news.net,NA,aviation,2025-11-01T20:50:59Z,2025-11-01,2025-11-03T00:32:02Z
"Russia Military, TransAmerica Trail, Civil War Correspondence, More: Saturday Afternoon ResearchBuzz, November 1, 2025",NEW RESOURCES Kyiv Post: ‘Nullfired’: Russian Soldiers Who Kill Their Comrades Documented in New Database.. “A Russian independent media outlet has compiled a database identifying soldiers accused of killing their own comrades […],https://researchbuzz.me/2025/11/01/russia-military-transamerica-trail-civil-war-correspondence-more-saturday-afternoon-researchbuzz-november-1-2025/,Researchbuzz.me,ResearchBuzz,aviation,2025-11-01T20:31:10Z,2025-11-01,2025-11-03T00:32:02Z
'Misery map' shows which major airports are getting hit the hardest with flight delays and cancellations,"Cancellation rates are high at airports in the New York metro region, including LaGuardia, John F. Kennedy, and Newark.",https://www.businessinsider.com/map-airport-flight-delays-cancellations-government-shutdown-2025-11,Business Insider,"Lakshmi Varanasi,Taylor Rains",aviation,2025-11-01T20:16:14Z,2025-11-01,2025-11-03T00:32:02Z
B-29 Strategic Operations against Japan Part 2: Island Operations,"Originally struggling to achieve success in the China Burma India Theater, the Boeing B-29 Superfortress made its mark once tactics were changed and incendiaries were used. Originally operating out of the China Burma India Theater with disappointing results, …",https://theaviationist.com/2025/11/01/b-29-strategic-operations-japan-part-2/,Theaviationist.com,Darrick Leiker,aviation,2025-11-01T20:09:09Z,2025-11-01,2025-11-03T00:32:02Z
First charter flight to bring Britons back from Jamaica due to take off,The first charter flight to bring Britons back from Jamaica in the wake of Hurricane Melissa is due to take off on Saturday night.,https://news.sky.com/story/hurricane-melissa-first-charter-flight-to-bring-britons-back-from-jamaica-due-to-take-off-13462221,Sky.com,NA,aviation,2025-11-01T20:08:00Z,2025-11-01,2025-11-03T00:32:02Z
Best Uses Of American Airlines AAdvantage Miles,"American Airlines AAdvantage miles are some of the most lucrative miles for premium travel. Here are some of the ways I like using them.
The post Best Uses Of American Airlines AAdvantage Miles appeared first on The Alviator.",https://thealviator.com/2025/11/aadvantage-best-uses/,Thealviator.com,The Alviator,aviation,2025-11-01T19:40:36Z,2025-11-01,2025-11-03T00:32:02Z
Nancy Mace Has A Meltdown At The Airport,Nancy Mace seems to have issues. I don't mean issues of magazines. Something else is going on and it is weird and escalating and alarming. Does she have histrionic personality disorder? I do not know. I am not a mental health specialist. But here are the symp…,https://crooksandliars.com/2025/10/nancy-mace-has-meltdown-airport,Crooksandliars.com,Red Painter,aviation,2025-11-01T19:22:15Z,2025-11-01,2025-11-03T00:32:02Z
Airports Crippled Across U.S. Amid 'Surge' In Air Traffic Controller Callouts,"""After 31 days without pay, air traffic controllers are under immense stress and fatigue,"" the Federal Aviation Administration warned.",https://www.huffpost.com/entry/flights-crippled-across-us-amid-surge-in-air-traffic-controller-callouts_n_6906466be4b0060501ac67eb,HuffPost,Sebastian Murdock,aviation,2025-11-01T18:45:12Z,2025-11-01,2025-11-03T00:32:02Z
Maduro Urgently Seeks Military Aid From Russia and China With US Bulls-Eye on Venezuela,"President Trump said on Friday that he’s yet to make a final decision on launching a military attack on Venezuela, but President Nicolás Maduro is not waiting around while taking the US leader’s word on it. Maduro is reportedly urgently reaching out to Russia…",https://freerepublic.com/focus/f-news/4350059/posts,Freerepublic.com,The Liberty Daily,aviation,2025-11-01T18:27:20Z,2025-11-01,2025-11-03T00:32:02Z
Southwest Airlines' latest change means some can’t fly anymore,"Southwest Airlines was once known for its amazing customer service. In fact, JD Power’s 2025 North American Airline Satisfaction Study revealed that...",https://www.thestreet.com/travel/southwest-airlines-latest-change-means-some-cant-fly-anymore,TheStreet,Christy Rakoczy,aviation,2025-11-01T18:03:00Z,2025-11-01,2025-11-03T00:32:02Z
"US amassing 16,000 troops off Venezuelan coast – WaPo","The US has reportedly deployed a large naval force near Venezuela, with an aircraft carrier group expected to arrive next week Read Full Article at RT.com",https://www.rt.com/news/627242-us-amass-troops-venezuelan-coast/,RT,RT,aviation,2025-11-01T17:44:38Z,2025-11-01,2025-11-03T00:32:02Z
Why This Texas-Based Company Could Be a Key Pick for Airline Investors,"Key Points
-
Even against the backdrop of the government shutdown, this airline stock has taken flight.
-
Management is bullish and believes the carrier has more upside compared to rivals.
-
Some experts are constructive on the industry’s long-term outlook an…",https://biztoc.com/x/7e069073d12ad7c8,Biztoc.com,finance.yahoo.com,aviation,2025-11-01T17:43:35Z,2025-11-01,2025-11-03T00:32:02Z
"Nancy Mace Allegedly Berates Police Officers At Charleston Airport, Calling Them ‘F*cking Incompetent’","Republican Rep. Nancy Mace allegedly cursed at police officers who tried to escort her at Charleston International Airport, after they failed to spot her car at the curb.",https://dailycaller.com/2025/11/01/nancy-mace-police-officers-charleston-airport-south-carolina/,The Daily Caller,Mark Tanos,aviation,2025-11-01T17:33:27Z,2025-11-01,2025-11-03T00:32:02Z
"India's military drill underway, Pakistan issues parallel warning","India's major military exercise 'Trishul' is currently underway in the Arabian Sea. Pakistan has issued a parallel navigation warning for naval firing drills in the same area. This exercise involves warships, combat aircraft, and troops, focusing on integrate…",https://economictimes.indiatimes.com/news/defence/indias-military-drill-underway-pakistan-issues-parallel-warning/articleshow/125020318.cms,The Times of India,Manu Pubby,aviation,2025-11-01T17:08:09Z,2025-11-01,2025-11-03T00:32:02Z
Panic on US ‘Aircraft Carrier’ Island After US-Venezuela Strikes Report,Residents of Trinidad and Tobago panicked after newspapers reported that the U.S. was getting ready to strike Venezuela.,https://biztoc.com/x/d46d6b571be9fd8a,Biztoc.com,newsweek.com,aviation,2025-11-01T16:37:13Z,2025-11-01,2025-11-03T00:32:02Z
"Did a Weather Balloon, Not a Mysterious Space Object, Strike That United Airlines Flight?","Slashdot reader joshuark shares this report from SFGate:


The mystery object that struck a plane at 36,000 feet is likely not space debris, as some speculated, but rather a Silicon Valley test project gone wrong... 

WindBorne Systems, a Palo Alto startup th…",https://tech.slashdot.org/story/25/11/01/0615237/did-a-weather-balloon-not-a-mysterious-space-object-strike-that-united-airlines-flight,Slashdot.org,EditorDavid,aviation,2025-11-01T16:34:00Z,2025-11-01,2025-11-03T00:32:02Z
"Did a Weather Balloon, Not a Mysteryious Space Object, Strike That United Airlines Flight?","Slashdot reader joshuark shares this report from SFGate:


The mystery object that struck a plane at 36,000 feet is likely not space debris, as some speculated, but rather a Silicon Valley test project gone wrong... 

WindBorne Systems, a Palo Alto startup th…",https://tech.slashdot.org/story/25/11/01/0615237/did-a-weather-balloon-not-a-mysteryious-space-object-strike-that-united-airlines-flight,Slashdot.org,EditorDavid,aviation,2025-11-01T16:34:00Z,2025-11-01,2025-11-03T00:32:02Z
"‘Yo, Delete This’: New York Man Shares How To Get Wi-Fi For Free On Every Flight. Does It Actually Work, And Why Do People Want To Keep It A Secret?","Have you ever been on a plane and wanted to use the in-flight Wi-Fi—then noticed how much it costs? Using Wi-Fi in an airplane is, generally speaking, pretty expensive. Depending on the airline and the length of the flight, one could end up paying between $5 …",https://brobible.com/culture/article/free-wi-fi-flight/,BroBible,Braden Bjella,aviation,2025-11-01T16:00:35Z,2025-11-01,2025-11-03T00:32:02Z
"Delta’s Selling First Class For $26 More Than Coach — Only 12% Of Seats Now Go to Upgrades, And Loyalty Is Dead","Delta is now selling first class from just $26 more than coach. Only 12% of premium seats still go to upgrades—a number that shows how little airline loyalty is worth today.
Continue reading Delta’s Selling First Class For $26 More Than Coach — Only 12% Of Se…",https://viewfromthewing.com/deltas-selling-first-class-for-26-more-than-coach-only-12-of-seats-now-go-to-upgrades-and-loyalty-is-dead/,Viewfromthewing.com,Gary Leff,aviation,2025-11-01T15:58:29Z,2025-11-01,2025-11-03T00:32:02Z
Air traffic controller shortages cause widespread flight delays amid government shutdown,"Travel delays were adding up at airports across the U.S. on Friday as the government shutdown drags on, putting even more pressure on air traffic controllers who have been working without pay for a month.U.S.",https://www.nbcnews.com/news/us-news/air-traffic-controller-shortages-cause-widespread-flight-delays-rcna241284,NBC News,The Associated Press,aviation,2025-11-01T15:53:19Z,2025-11-01,2025-11-03T00:32:02Z
Southwest Airlines Customers! 4 BIG Perks Arrive with NEW Rapid Rewards Debit Card,"Southwest Airlines just introduced a NEW way for customers to rack up Rapid Rewards points on everyday purchases without a credit card!
The post Southwest Airlines Customers! 4 BIG Perks Arrive with NEW Rapid Rewards Debit Card first appeared on the disney fo…",https://www.disneyfoodblog.com/2025/11/01/southwest-airlines-customers-4-big-perks-arrive-with-new-rapid-rewards-debit-card/,disneyfoodblog.com,Brianna LeCompte,aviation,2025-11-01T15:50:54Z,2025-11-01,2025-11-03T00:32:02Z
UK aid for Hurricane Melissa reaches Jamaica as Britons to be evacuated,Foreign Secretary Yvette Cooper has said the UK's first chartered flight from Jamaica to the UK will depart late on Saturday.,https://www.bbc.com/news/articles/cvg441qyv2xo?xtor=AL-72-%5Bpartner%5D-%5Byahoo.north.america%5D-%5Bheadline%5D-%5Bnews%5D-%5Bbizdev%5D-%5Bisapi%5D,BBC News,Cachella Smith; Will Grant - Reporting from Kingston,aviation,2025-11-01T15:47:24Z,2025-11-01,2025-11-03T00:32:02Z
EU nation limits fuel exports to bloc members amid Lukoil sanctions,Bulgaria has partly restricted fuel exports to EU states after US sanctions on Russia’s Lukoil triggered security and supply concerns,https://www.rt.com/business/627229-bulgaria-lukoil-restriction-fuel-exports/,RT,Russia Today,aviation,2025-11-01T15:46:48Z,2025-11-01,2025-11-03T00:32:02Z
NTSB investigating near-miss at Cleveland Hopkins International Airport,CLEVELAND (WJW) – The National Transportation Safety Board announced Saturday it was sending a team to investigate an incident at Cleveland Hopkins...,https://fox8.com/news/ntsb-investigating-near-miss-at-cleveland-hopkins-international-airport/,fox8.com,Talia Naquin,aviation,2025-11-01T15:25:26Z,2025-11-01,2025-11-03T00:32:02Z
‘Aero models & drones not same’; Maha govt urged to reconsider ‘overly restrictive’ draft bill,Mumbai: The Indian Aeromodellers Association (IAMA) has urged the ministry of civil aviation to reconsider certain provisions of the draft civil drone.,https://timesofindia.indiatimes.com/city/mumbai/aero-models-drones-not-same-maha-govt-urged-to-reconsider-overly-restrictive-draft-bill/articleshow/125018839.cms,The Times of India,TNN,aviation,2025-11-01T15:15:18Z,2025-11-01,2025-11-03T00:32:02Z
Thanksgiving 2025: Flyers rush to grab shutdown-proof flight tickets before prices soar,"With a federal government shutdown impacting air travel, Amtrak is urging passengers to book Thanksgiving travel now. The rail service offers a 'shutdown-proof' alternative with perks like free checked bags, no middle seats, and scenic views, aiming to allevi…",https://economictimes.indiatimes.com/news/international/us/thanksgiving-2025-flyers-rush-to-grab-shutdown-proof-flight-tickets-before-prices-soar/articleshow/125018439.cms,The Times of India,Muskan Singh,aviation,2025-11-01T15:11:55Z,2025-11-01,2025-11-03T00:32:02Z
"Rep. Nancy Mace cursed and berated airport police, incident report says",Republican Rep. Nancy Mace was flying out of Charleston International Airport on Thursday when the incident occurred.,https://www.cbsnews.com/news/rep-nancy-mace-cursed-berated-charleston-airport-police-over-escort-incident/,CBS News,Lucia I Suarez Sang,aviation,2025-11-01T15:00:23Z,2025-11-01,2025-11-03T00:32:02Z
Why Airlines Still Use Ancient Dot Matrix Printers To Print Your Boarding Pass,"It might seem like an odd choice, but it turns out there are very good reasons why airlines continue to rely on dot matrix printers. Here's what we know.",https://www.slashgear.com/2009057/why-airlines-still-use-dot-matrix-printers/,SlashGear,Patrick Phillips,aviation,2025-11-01T14:45:00Z,2025-11-01,2025-11-03T00:32:02Z
Business Traveller India - November 2025,"India's latest business travel news, including hotel reviews, destination information, airline reports and the latest travel discount offers.Business Traveller India - November 2025English | 84 pages | PDF | 54.3 MBDownload: RAPiDGATOR",https://post.rlsbb.to/business-traveller-india-november-2025/,Rlsbb.to,saamaan1@yahoo.com (Master),aviation,2025-11-01T14:40:17Z,2025-11-01,2025-11-03T00:32:02Z
The Aviation Magazine - November/December 2025,"The Aviation Magazine is the trend setter aviation related magazine that features air shows, military exercises, air base visits, pilots and historical events since 2009. No hype, just great photography from aviation events worldwide.The Aviation Magazine - N…",https://post.rlsbb.to/the-aviation-magazine-november-december-2025/,Rlsbb.to,saamaan1@yahoo.com (Master),aviation,2025-11-01T14:32:58Z,2025-11-01,2025-11-03T00:32:02Z
"Russia Claims To Have Tested Poseidon Nuclear UUV, Is The Threat Real?",The unmanned underwater vehicle was developed to bypass missile defense systems and deliver a nuclear warhead against coastal targets and even aircraft carrier strike groups.,https://www.forbes.com/sites/petersuciu/2025/11/01/russia-claims-to-have-tested-poseidon-nuclear-uuv-is-the-threat-real/,Forbes,"Peter Suciu, Contributor, 
 Peter Suciu, Contributor
 https://www.forbes.com/sites/petersuciu/",aviation,2025-11-01T14:32:05Z,2025-11-01,2025-11-03T00:32:02Z
FAA says nearly half of major air traffic control facilities are now experiencing staffing shortages as shutdown drags on,Transportation Secretary Sean Duffy has been warning that travelers will start to see more flight disruptions the longer controllers go without a paycheck.,https://fortune.com/2025/11/01/faa-air-traffic-control-facilities-staffing-shortages-government-shutdown-flight-delays/,Fortune,"Rio Yamat, The Associated Press",aviation,2025-11-01T14:28:43Z,2025-11-01,2025-11-03T00:32:02Z
Tourists stuck in Lukla due to bad weather,"Kathmandu, November 1: Flights at Tenzing–Hillary Airport in Lukla, known as the gateway to Mount Everest, have been suspended for […]
The post Tourists stuck in Lukla due to bad weather appeared first on Peoples' Review.",https://mypeoplesreview.com/2025/11/01/tourists-stuck-in-lukla-due-to-bad-weather-2/,Mypeoplesreview.com,People's Review,aviation,2025-11-01T14:26:00Z,2025-11-01,2025-11-03T00:32:02Z
United and American Airlines beg Congress to end shutdown ahead of busy holiday season as air traffic controllers work overtime without pay,"The government shutdown is completing its first full month, and airlines have just about had enough.
Aviation industry leaders are urging Congress to end the shutdown out of concern for the wellbeing of air traffic controllers working without pay, as well as …",https://biztoc.com/x/d5243ace18703cf9,Biztoc.com,fortune.com,aviation,2025-11-01T14:13:27Z,2025-11-01,2025-11-03T00:32:02Z
Containing China: Lessons From the US’ Containment of the Soviet Union,Since the so-called “pivot to Asia” during the Obama era — and with varying approaches — the policy of containing China has been the United States’ formula for addressing China’s remarkable rise and its regional expansionist footprint. This approach follows t…,https://www.fairobserver.com/region/asia_pacific/containing-china-lessons-from-the-us-containment-of-the-soviet-union/,Fair Observer,Alfredo Toro Hardy,aviation,2025-11-01T13:26:56Z,2025-11-01,2025-11-03T00:32:02Z
Joby Aviation (JOBY): Assessing Valuation as New Nvidia Partnership and FAA-Certified Production Accelerate Commercial Launch Prospects,"If you click 'Accept all', we and our partners, including 237 who are part of the IAB Transparency &amp; Consent Framework, will also store and/or access information on a device (in other words, use … [+714 chars]",https://consent.yahoo.com/v2/collectConsent?sessionId=1_cc-session_4659553c-b259-4963-8bda-f802c3048f9b,Yahoo Entertainment,NA,aviation,2025-11-01T13:18:48Z,2025-11-01,2025-11-03T00:32:02Z
America's Most Expensive Airport To Fly Out Of Isn't In New York Or California,"To avoid paying extortionate airfare, you might want to avoid this expensive U.S. airport, which charges nearly $200 more on average per ticket.",https://www.islands.com/2008343/america-most-expensive-airport-tallahassee-international-not-new-york-california/,Islands.com,Ana Herrera,aviation,2025-11-01T13:15:00Z,2025-11-01,2025-11-03T00:32:02Z
Seven M’sian varsities among Asean’s Top 10,Seven Malaysian universities have made it into the top 10 list of Asean institutions in the Times Higher Education (THE) World University Rankings 2026. Read full story,https://www.thestar.com.my/news/education/2025/11/02/seven-msian-varsities-among-aseans-top-10,The Star Online,JAAYNE JEEVITA,sia,2025-11-01T23:00:00Z,2025-11-01,2025-11-03T00:32:04Z
Feeling shortchanged at the pump,"PETALING JAYA: The implementation of subsidised fuel for Malay­sians has left some crying foul that they are being short­changed when they buy RON95, whether intentionally or otherwise. Read full story",https://www.thestar.com.my/news/nation/2025/11/02/feeling-shortchanged-at-the-pump,The Star Online,MENG YEW CHOONG,sia,2025-11-01T23:00:00Z,2025-11-01,2025-11-03T00:32:04Z
"Digital transformation, AI at helm of APEC meet; Malaysia highlights moral, environmental risks","GYEONGJU: Digital transformation and the acceleration of artificial intelligence (AI) adoption were at the forefront of the Asia-Pacific Economic Cooperation (APEC) Economic Leaders' Meeting (AELM), as leaders deliberated on both challenges and opportunities …",https://www.thestar.com.my/news/nation/2025/11/01/digital-transformation-ai-at-helm-of-apec-meet-malaysia-highlights-moral-environmental-risks,The Star Online,The Star Online,sia,2025-11-01T11:38:00Z,2025-11-01,2025-11-03T00:32:04Z
"Istanbul Airport has sleep pods, therapy dogs, and the world's biggest terminal. Its CEO explains how it went from zero to the world's best in 5 years.",Istanbul Airport opened just 33 hours after the old airport shut down in 2019. It's eyeing capacity expansions that could make it the world's busiest.,https://www.businessinsider.com/istanbul-airport-ceo-how-it-became-the-worlds-best-2025-11,Business Insider,Pete Syme,sia,2025-11-01T11:11:01Z,2025-11-01,2025-11-03T00:32:04Z
"Malaysian coach operator Aeroline to suspend operations for a month, including from Singapore",The suspension will affect trips from Nov 6 to Dec 5.,https://www.channelnewsasia.com/asia/malaysia-aeroline-coach-operator-service-suspension-5439541,CNA,NA,sia,2025-11-01T09:23:01Z,2025-11-01,2025-11-03T00:32:04Z
APEC leaders wrap up summit after Trump and Xi reach truce in trade war,Asian and Pacific Rim leaders pledge support for trade and investment that 'benefits all'.,https://www.aljazeera.com/news/2025/11/1/apec-leaders-wrap-up-summit-after-trump-and-xi-reach-truce-in-trade-war,Al Jazeera English,John Power,sia,2025-11-01T07:40:05Z,2025-11-01,2025-11-03T00:32:04Z
"RTM faces internal investigation for misidentifying Asean leaders, says Fahmi","SHAH ALAM: An internal investigation will examine Radio Televisyen Malaysia's (RTM) recent mistake of misidentifying several Asean leaders during its live broadcast of the 47th Asean Summit's opening ceremony on Sunday (Oct 26), says Communications Minister D…",https://www.thestar.com.my/news/nation/2025/11/01/rtm-faces-internal-investigation-for-misidentifying-asean-leaders-says-fahmi,The Star Online,The Star Online,sia,2025-11-01T05:34:00Z,2025-11-01,2025-11-03T00:32:04Z
"Exit clause in US-Malaysia trade deal not a real safeguard, says Rafizi","SHAH ALAM: Former economy minister Datuk Seri Rafizi Ramli has raised concerns over the recently signed US-Malaysia reciprocal trade agreement, saying the inclusion of an exit clause offers little real protection to Malaysia. Read full story",https://www.thestar.com.my/news/nation/2025/11/01/exit-clause-in-us-malaysia-trade-deal-not-a-real-safeguard-says-rafizi,The Star Online,ARFA YUNUS,sia,2025-11-01T05:02:00Z,2025-11-01,2025-11-03T00:32:04Z
"Foreign vehicles to be barred from leaving Malaysia without registered VEP, paid fines",This comes amid stepped-up VEP enforcement measures in Malaysia that extends beyond Johor to other parts of the country.,https://www.channelnewsasia.com/asia/malaysia-vep-enforcement-singapore-vehicles-5439271,CNA,NA,sia,2025-11-01T03:49:06Z,2025-11-01,2025-11-03T00:32:04Z
Air India Express losses rise: Is Air India’s 2027 profitability target now in turbulence?,"Air India Express’ losses ballooned fourfold while IndiGo’s profits fell 11% in FY25. Delays in new aircraft deliveries, rupee depreciation, closure of Pakistan and Middle East border, are hurting the bottomline of airlines. Will Tata’s ambition to turn Air I…",https://indianexpress.com/article/smart-stocks/air-india-express-losses-rise-2027-profitability-target-turbulence-10338567/,The Indian Express,Puja Tayal,sia,2025-11-01T03:30:48Z,2025-11-01,2025-11-03T00:32:04Z
Malaysia police on the hunt for 7 suspects linked to Cambodia scam syndicate,"<![CDATA[ The Malaysians were identified as Tang Soon Fai, Kang Liang Yee, Tang Soon Wah, Hoe Ming Wei, Pang Han Ee, Bernard Goh Yie Shen and Yip Chee Hoe. ]]>",https://www.channelnewsasia.com/asia/malaysia-scammers-cambodia-syndicate-wanted-list-singapore-5439191,CNA,NA,sia,2025-11-01T02:05:24Z,2025-11-01,2025-11-03T00:32:04Z
"JPJ: Singaporean vehicle owners, drivers to be barred from leaving M’sia over unpaid VEP fines","JOHOR BARU: Effective Nov 15, foreign vehicle owners or drivers, especially those from Singapore, who have not obtained or activated a Vehicle Entry Permit (VEP) will be prohibited from leaving Malaysia until all outstanding fines are cleared, said Road Trans…",https://www.thestar.com.my/news/nation/2025/11/01/jpj-singaporean-vehicle-owners-drivers-to-be-barred-from-leaving-msia-over-unpaid-vep-fines,The Star Online,The Star Online,sia,2025-11-01T01:40:00Z,2025-11-01,2025-11-03T00:32:04Z
Xi delivers veiled warning to nations not to take the US' side,"At an Asia-Pacific summit, China's Xi Jinping urged nations to boost trade and investment, implicitly cautioning against reducing reliance on Chinese supply chains.  He championed  extending chains  over  breaking chains,  while also condemning protectionism …",https://economictimes.indiatimes.com/news/international/world-news/xi-delivers-veiled-warning-to-nations-not-to-take-the-us-side/articleshow/125008273.cms,The Times of India,NYT News Service,sia,2025-11-01T01:29:17Z,2025-11-01,2025-11-03T00:32:04Z
The Philippines Hosts The First-Ever Terra Madre Asia And Pacific This November,"From November1 9 to 23, 2025, the Philippines will be hosting the first edition of Terra Madre Asia and Pacific in Bacolod, Negros Occidental.",https://www.forbes.com/sites/cheryltiu/2025/10/31/the-philippines-hosts-the-first-ever-terra-madre-asia-and-pacific-this-november/,Forbes,"Cheryl Tiu, Contributor, 
 Cheryl Tiu, Contributor
 https://www.forbes.com/sites/cheryltiu/",sia,2025-11-01T00:13:48Z,2025-11-01,2025-11-03T00:32:04Z
Israeli Travel Company Just Bought a Sydney Business for $10 Million — And It's Not Done Yet,"Israel-based Talma Travel Solutions acquired Sydney's Bay Travel Group for $10 million, marking its entry into Australia. The deal continues Talma's aggressive global expansion strategy with plans for more Asia-Pacific acquisitions in 2026.",https://www.ibtimes.com/israeli-travel-company-just-bought-sydney-business-10-million-its-not-done-yet-3789102,International Business Times,Michael Lee,sia,2025-10-31T20:02:13Z,2025-10-31,2025-11-03T00:32:04Z
"International airline shutting down, all flights canceled",The start of fall has been a difficult season for a number of smaller and low-cost airlines around the world. Scandinavian budget carriers Play and Braathens...,https://www.thestreet.com/travel/an-international-airline-to-be-shut-down-all-flights-canceled,TheStreet,Veronika Bondarenko,sia,2025-10-31T19:06:36Z,2025-10-31,2025-11-03T00:32:04Z
US defense chief vows to ‘stoutly defend’ Indo-Pacific interests in talks with China,The meeting reflects ongoing efforts to manage tensions in the region.,https://www.bostonherald.com/2025/10/31/asean-defense/,Boston Herald,Associated Press,sia,2025-10-31T17:53:46Z,2025-10-31,2025-11-03T00:32:04Z
"With fragile Gaza ceasefire holding, Trump wants to make headway on Indonesia-Israel normalization",The president is keen on making peace between Israel and Palestinians a defining legacy.,https://www.bostonherald.com/2025/10/31/trump-indonesia/,Boston Herald,Associated Press,sia,2025-10-31T17:47:44Z,2025-10-31,2025-11-03T00:32:04Z
"""SAL"" Announces Its First International Expansion Through a Strategic Partnership with ""TAM Group"" to Enhance Air Cargo Operations Between Saudi Arabia and China","SINGAPORE, Oct. 31, 2025 /PRNewswire/ -- SAL Logistics Services, the national leader in cargo handling, logistics solutions, and supply chain management in Saudi Arabia, has signed a strategic partnership agreement with TAM Group to strengthen air cargo opera…",https://www.prnewswire.co.uk/news-releases/sal-announces-its-first-international-expansion-through-a-strategic-partnership-with-tam-group-to-enhance-air-cargo-operations-between-saudi-arabia-and-china-302601286.html,PR Newswire UK,NA,sia,2025-10-31T16:45:00Z,2025-10-31,2025-11-03T00:32:04Z
Air India completes retrofit of entire legacy A320neo fleet,"Alongside these, 14 newly delivered A320neo aircraft and those integrated following the merger of Vistara into Air India have expanded the fleet to 104 A320 Family aircraft featuring new or upgraded cabin interiors",https://www.thehindubusinessline.com/economy/logistics/air-india-completes-retrofit-of-entire-legacy-a320neo-fleet/article70226571.ece,BusinessLine,BL Mumbai Bureau,sia,2025-10-31T15:57:55Z,2025-10-31,2025-11-03T00:32:04Z
Tatler GMT Singapore - October 2025,"Tatler GMT is a premier horology magazine celebrating the best of watches, with a mission to become the ultimate resource for watch communities in Asia. The publication offers engaging CEO interviews, in-depth reports, captivating visuals and compelling stori…",https://post.rlsbb.to/tatler-gmt-singapore-october-2025-2/,Rlsbb.to,saamaan1@yahoo.com (Master),sia,2025-10-31T15:28:26Z,2025-10-31,2025-11-03T00:32:04Z
"Cathay Pacific: Los Angeles – Kuala Lumpur, Malaysia. $677. Roundtrip, including all Taxes","A good sale to Kuala Lumpur.Sample Travel Date:November 11th - 19thThis is just ONE SAMPLE travel date, for more availability, please follow the ""Fare Availability"" and ""Ho",https://www.theflightdeal.com/2025/11/01/cathay-pacific-los-angeles-kuala-lumpur-malaysia-677-roundtrip-including-all-taxes/,Theflightdeal.com,The Flight Deal,carriers,2025-11-01T15:55:32Z,2025-11-01,2025-11-03T00:32:06Z
Canadian Brand Moose Knuckles Expands Its Global Retail Presence,"Earlier this month, Moose Knuckles opened its latest U.S. pop-up store at King of Prussia Mall, joining the brand’s three existing full-price locations in the U.S.",https://www.forbes.com/sites/brinsnelling/2025/10/30/canadian-brand-moose-knuckles-expands-its-global-retail-presence/,Forbes,"Brin Snelling, Contributor, 
 Brin Snelling, Contributor
 https://www.forbes.com/sites/brinsnelling/",carriers,2025-10-30T19:25:40Z,2025-10-30,2025-11-03T00:32:06Z
GitHub Universe: Large IT orgs share AI automation gains,"Nordstrom saved 15,000 developer hours during a migration with AI agents, while Copilot Autofix helped Cathay Pacific address DevSecOps challenges, but there are also caveats.",https://www.techtarget.com/searchsoftwarequality/news/366633832/GitHub-Universe-Large-IT-orgs-share-AI-automation-gains,Techtarget.com,Beth Pariseau,carriers,2025-10-30T17:11:00Z,2025-10-30,2025-11-03T00:32:06Z
Air China Cargo to order six A350 freighters from Airbus,Air China Cargo will be the first mainland Chinese carrier to order the all-new Airbus A350 freighter. The post Air China Cargo to order six A350 freighters ...,https://finance.yahoo.com/news/air-china-cargo-order-six-150023286.html,Yahoo Entertainment,Eric Kulisch,carriers,2025-10-30T15:00:23Z,2025-10-30,2025-11-03T00:32:06Z
"Cathay Pacific: New York – Ho Chi Minh City, Vietnam. $719. Roundtrip, including all Taxes","A good sale to Ho Chi Minh CityVietnam introduced a new e-Visa system - take advantage of it. Its the cheapest option.Sample Travel Date:January 20th - 27th, 2026This i",https://www.theflightdeal.com/2025/10/29/cathay-pacific-new-york-ho-chi-minh-city-vietnam-719-roundtrip-including-all-taxes/,Theflightdeal.com,The Flight Deal,carriers,2025-10-29T15:15:08Z,2025-10-29,2025-11-03T00:32:06Z
"Best Uses Of Avios (British Airways, Qatar, Finnair, Iberia, Aer Lingus)","The Avios loyalty currency is shared between 6 major airlines, and you can use it for redemptions on 35 carriers. Here are some best uses.
The post Best Uses Of Avios (British Airways, Qatar, Finnair, Iberia, Aer Lingus) appeared first on The Alviator.",https://thealviator.com/2025/10/avios-best-uses/,Thealviator.com,The Alviator,carriers,2025-10-29T10:57:54Z,2025-10-29,2025-11-03T00:32:06Z
Previewing JFK’s New Terminal 6,JFK will unveil the first stage of a new Terminal 6 in the first half of 2026. We walk you through what passengers can expect out of the new facility.,https://www.airlinereporter.com/2025/10/jfk-t6-preview/,Airlinereporter.com,Manu Venkat,carriers,2025-10-28T20:17:13Z,2025-10-28,2025-11-03T00:32:06Z
How One Airline Is Turning Leftover Plane Food Into Clean Energy,An innovative system from Cathay Pacific transforms food waste from in-flight service into clean energy in Hong Kong.,https://matadornetwork.com/read/cathay-pacific-food-waste-diversion/,Matadornetwork.com,Tim Wenger,carriers,2025-10-28T19:09:21Z,2025-10-28,2025-11-03T00:32:06Z
"Airborne 10.27.25: MOSAIC Phase 1, Katana Returns, MOSAIC Town Hall!","Also: Orlando Air Show Cancelled, ATC Staffing Shortages, CH-47F Block II Chinooks, Sustainable $$ More than a decade of hard work, legal setbacks, and community advocacy has finally come to fruition, with MOSAIC officially becoming a final rule on October 22…",https://www.aero-news.net/index.cfm?do=main.textpost&id=45810945-E578-431B-B54F-B63E5D2CF217,Aero-news.net,NA,carriers,2025-10-28T18:40:35Z,2025-10-28,2025-11-03T00:32:06Z
RT New York to Hanoi Vietnam $713 Airfares on Cathay Pacific with 1 Free Checked Bag (Travel January - March 2026),"Cathay Pacific via Booking.com have round trip airfares travelling from New York (JFK) to Hanoi Vietnam (HAN) for $713, making 1 stop in Hong Kong both ways for varying duration/hours depending on the",https://slickdeals.net/f/18741697-rt-new-york-to-hanoi-vietnam-713-airfares-on-cathay-pacific-with-1-free-checked-bag-travel-january-march-2026,Slickdeals.net,serra,carriers,2025-10-28T14:59:02Z,2025-10-28,2025-11-03T00:32:06Z
Godzilla to Tower Over Terminal 3 at Tokyo Haneda Airport,"The King of the Monsters is arriving at Tokyo Haneda Airport (HND) this winter.…
The post Godzilla to Tower Over Terminal 3 at Tokyo Haneda Airport appeared first on The Bulkhead Seat.",https://thebulkheadseat.com/godzilla-to-tower-over-terminal-3-at-tokyo-haneda-airport/,Thebulkheadseat.com,The Bulkhead Seat,carriers,2025-10-27T12:42:12Z,2025-10-27,2025-11-03T00:32:06Z
"Cathay Pacific: Los Angeles – Phuket, Thailand. $680. Roundtrip, including all Taxes","A good sale to Phuket.Sample Travel Date:January 14th - 21st, 2026This is just ONE SAMPLE travel date, for more availability, please follow the ""Fare Availability"" and ""How",https://www.theflightdeal.com/2025/10/26/cathay-pacific-los-angeles-phuket-thailand-680-roundtrip-including-all-taxes/,Theflightdeal.com,The Flight Deal,carriers,2025-10-26T15:55:02Z,2025-10-26,2025-11-03T00:32:06Z
"Cathay Pacific: New York – Phuket, Thailand. $786. Roundtrip, including all Taxes","A good sale to PhuketSample Travel Date:January 21st, 2026 - February 1st, 2026This is just ONE SAMPLE travel date, for more availability, please follow the ""Fare Availabil",https://www.theflightdeal.com/2025/10/26/cathay-pacific-new-york-phuket-thailand-786-roundtrip-including-all-taxes/,Theflightdeal.com,The Flight Deal,carriers,2025-10-26T15:15:05Z,2025-10-26,2025-11-03T00:32:06Z
"Cathay Pacific: Boston – Kuala Lumpur, Malaysia. $782. Roundtrip, including all Taxes","A good sale to Kuala Lumpur.Sample Travel Date:January 22nd - 29th, 2026This is just ONE SAMPLE travel date, for more availability, please follow the ""Fare Availability"" an",https://www.theflightdeal.com/2025/10/26/cathay-pacific-boston-kuala-lumpur-malaysia-782-roundtrip-including-all-taxes/,Theflightdeal.com,The Flight Deal,carriers,2025-10-26T15:05:44Z,2025-10-26,2025-11-03T00:32:06Z
"Cathay Pacific: New York – Colombo, Sri Lanka. $725. Roundtrip, including all Taxes","A good sale to ColomboSample Travel Date:October 10th - 17thThis is just ONE SAMPLE travel date, for more availability, please follow the ""Fare Availability"" and ""How to Se",https://www.theflightdeal.com/2025/10/25/cathay-pacific-new-york-colombo-sri-lanka-725-roundtrip-including-all-taxes/,Theflightdeal.com,The Flight Deal,carriers,2025-10-25T17:55:04Z,2025-10-25,2025-11-03T00:32:06Z
RT Los Angeles to Hanoi Vietnam $513 Airfares on China Southern (Earn AA Miles) with 2 Free Checked Bags (Limited Travel January & March 2026),"China Southern Airlines is the largest airline in China and a leading carrier to 224 destinations in 40 countries. When you fly on China Southern, you can earn and redeem Anerican Airlines AAdvantage...",https://slickdeals.net/f/18732814-rt-los-angeles-to-hanoi-vietnam-513-airfares-on-china-southern-earn-aa-miles-with-2-free-checked-bags-limited-travel-january-march-2026,Slickdeals.net,serra,carriers,2025-10-25T17:49:54Z,2025-10-25,2025-11-03T00:32:06Z
"Cathay Pacific: Boston – Phuket, Thailand. $785. Roundtrip, including all Taxes","A good sale to Phuket.Sample Travel Date:January 22nd - 29th, 2026This is just ONE SAMPLE travel date, for more availability, please follow the ""Fare Availability"" and ""How",https://www.theflightdeal.com/2025/10/25/cathay-pacific-boston-phuket-thailand-785-roundtrip-including-all-taxes/,Theflightdeal.com,The Flight Deal,carriers,2025-10-25T15:05:52Z,2025-10-25,2025-11-03T00:32:06Z
Cranky Weekly Review presented by Oakland San Francisco Bay Airport: Earnings and New Route Announcements Abound,"Jon and Brian went to the Wings Club Annual Awards Gala, and while they were there, they sat down with Emirates’s President Sir Tim Clark, the man who built that airline into what it is today. Have a listen to their interview. Southwest, Alaska Earn Q3 Profit…",https://crankyflier.com/2025/10/24/cranky-weekly-review-presented-by-oakland-san-francisco-bay-airport-earnings-and-new-route-announcements-abound/,Crankyflier.com,Andrew,carriers,2025-10-24T18:00:00Z,2025-10-24,2025-11-03T00:32:06Z
"Airbus, Cathay Put $70M Towards Sustainable Fuels",Co-Investment Hopes to Accelerate and Scale SAF Production Worldwide Airbus and Cathay Group are pooling up to $70 million for the acceleration and scaling of sustainable aviation fuel (SAF) production in Asia and beyond. The partnership was unveiled during t…,https://www.aero-news.net/index.cfm?do=main.textpost&id=3DF3DB0B-0A4D-4AFD-B011-DA01C5B782E3,Aero-news.net,editor@aero-news.net (Jim Campbell),carriers,2025-10-24T10:05:00Z,2025-10-24,2025-11-03T00:32:06Z
"Airlines Strategic Business Report 2025-2030: Key Drivers, Growth Opportunities, and Competitive Insights","Key market opportunities in the airline industry include the expansion of low-cost carriers and technological innovations enhancing passenger experience. Rising global travel demand, especially in emerging economies, and a focus on sustainability and alternat…",https://www.globenewswire.com/news-release/2025/10/23/3171754/28124/en/Airlines-Strategic-Business-Report-2025-2030-Key-Drivers-Growth-Opportunities-and-Competitive-Insights.html,GlobeNewswire,Research and Markets,carriers,2025-10-23T08:19:00Z,2025-10-23,2025-11-03T00:32:06Z
"No, Using A VPN Won’t Get You A Cheaper Airline Ticket, But…","There's a myth out there that switching your VPN to another country may give you a cheaper air ticket. Here's how pricing actually works.
The post No, Using A VPN Won’t Get You A Cheaper Airline Ticket, But… appeared first on The Alviator.",https://thealviator.com/2025/10/vpn-cheaper-flight-myth/,Thealviator.com,The Alviator,carriers,2025-10-23T06:06:41Z,2025-10-23,2025-11-03T00:32:06Z
"Cathay General price target raised by $2 at Keefe Bruyette, here's why","See the rest of the story here.

thefly.com provides the latest financial news as it breaks. Known as a leader in market intelligence, The Fly's real-time, streaming news feed keeps individual investors, professional money managers, active traders, and corpor…",https://thefly.com/permalinks/entry.php/id4218105/CATY-Cathay-General-price-target-raised-by--at-Keefe-Bruyette-heres-why,Thefly.com,NA,carriers,2025-10-22T09:46:38Z,2025-10-22,2025-11-03T00:32:06Z
Cathay General Bancorp (CATY) Q3 2025 Earnings Call Highlights: Navigating Growth Amidst Challenges,"Despite a slight increase in net income and strong loan growth, Cathay General Bancorp (CATY) faces rising credit loss provisions and competitive deposit...",https://finance.yahoo.com/news/cathay-general-bancorp-caty-q3-050045518.html,Yahoo Entertainment,GuruFocus News,carriers,2025-10-22T05:00:45Z,2025-10-22,2025-11-03T00:32:06Z
"Cathay General reports Q3 EPS $1.13, consensus $1.15","See the rest of the story here.

thefly.com provides the latest financial news as it breaks. Known as a leader in market intelligence, The Fly's real-time, streaming news feed keeps individual investors, professional money managers, active traders, and corpor…",https://thefly.com/permalinks/entry.php/id4217943/CATY-Cathay-General-reports-Q-EPS--consensus-,Thefly.com,NA,carriers,2025-10-21T20:30:58Z,2025-10-21,2025-11-03T00:32:06Z
Airbus and Cathay sign $122m sustainable aviation fuel deal; Oil company says eclectic mix needed to slash emissions,Bankers complained about and oil company weighs in as demand for travel surges.,https://www.nzherald.co.nz/business/airbus-and-cathay-sign-122m-sustainable-aviation-fuel-deal-oil-company-says-eclectic-mix-needed-to-slash-emissions/JD5ZGIM6VFAH5EXCKEXFIB53AE/,New Zealand Herald,John Weekes,carriers,2025-10-21T16:52:54Z,2025-10-21,2025-11-03T00:32:06Z
"Wall Street excited by 'exceptional' engagement, 'strong' slate for Netflix","See the rest of the story here.

thefly.com provides the latest financial news as it breaks. Known as a leader in market intelligence, The Fly's real-time, streaming news feed keeps individual investors, professional money managers, active traders, and corpor…",https://thefly.com/permalinks/entry.php/id4217655/NFLX-Wall-Street-excited-by-exceptional-engagement-strong-slate-for-Netflix,Thefly.com,NA,carriers,2025-10-21T14:49:09Z,2025-10-21,2025-11-03T00:32:06Z
Trump Trade: President Trump closes billion-dollar deals with Australia,"See the rest of the story here.

thefly.com provides the latest financial news as it breaks. Known as a leader in market intelligence, The Fly's real-time, streaming news feed keeps individual investors, professional money managers, active traders, and corpor…",https://thefly.com/permalinks/entry.php/id4217606/SPY;SPX;NVA;IONR;LYSCF;MP;UUUU;NB;REMX;C;JPM;BAC;GS-Trump-Trade-President-Trump-closes-billiondollar-deals-with-Australia,Thefly.com,NA,carriers,2025-10-21T13:50:07Z,2025-10-21,2025-11-03T00:32:06Z
"Airlines say food waste is excessive, want to cut use of plastic; Air NZ and EVA Air first carriers to get new sustainable rating","Outmoded rules are holding airlines back as passengers rightly demand change, Iata says.",https://www.nzherald.co.nz/business/airlines-say-food-waste-is-excessive-want-to-cut-use-of-plastic-air-nz-and-eva-air-first-carriers-to-get-new-sustainable-rating/XSHZ4OUEARGBZHUX6MEVFSS5AM/,New Zealand Herald,John Weekes,carriers,2025-10-21T05:31:22Z,2025-10-21,2025-11-03T00:32:06Z
Aviation leaders warn clean‑fuel progress far too slow at Hong Kong summit,"A challenging but exciting energy revolution is starting, an airline group leader says.",https://www.nzherald.co.nz/business/companies/airlines/aviation-leaders-warn-cleanfuel-progress-far-too-slow-at-hong-kong-summit/CLDLAOGMDBB6JPSNPD3U4F4DKA/,New Zealand Herald,John Weekes,carriers,2025-10-21T03:46:55Z,2025-10-21,2025-11-03T00:32:06Z
"Cathay Pacific: Dallas – Ho Chi Minh City, Vietnam. $719. Roundtrip, including all Taxes","A good sale to Ho Chi Minh CityVietnam introduced a new e-Visa system - take advantage of it. Its the cheapest option.Sample Travel Date:January 22nd - 29th, 2026This i",https://www.theflightdeal.com/2025/10/20/cathay-pacific-dallas-ho-chi-minh-city-vietnam-719-roundtrip-including-all-taxes/,Theflightdeal.com,The Flight Deal,carriers,2025-10-20T15:25:40Z,2025-10-20,2025-11-03T00:32:06Z
"Cathay Pacific: Boston – Ho Chi Minh City, Vietnam. $782. Roundtrip, including all Taxes","A good sale to Ho Chi Minh CityVietnam introduced a new e-Visa system - take advantage of it. Its the cheapest option.Sample Travel Date:January 22nd - 29th, 2026This i",https://www.theflightdeal.com/2025/10/20/cathay-pacific-boston-ho-chi-minh-city-vietnam-782-roundtrip-including-all-taxes/,Theflightdeal.com,The Flight Deal,carriers,2025-10-20T13:25:04Z,2025-10-20,2025-11-03T00:32:06Z
Fly smart with lithium batteries,"IATA campaign on lithium battery safety for air travel, Cathay Cargo offers real-time customs updates for customers.",https://www.thehindubusinessline.com/economy/logistics/fly-smart-with-lithium-batteries/article70183074.ece,BusinessLine,Team BL,carriers,2025-10-20T00:47:00Z,2025-10-20,2025-11-03T00:32:06Z
"Cathay Pacific: Los Angeles – Hanoi, Vietnam. $652. Roundtrip, including all Taxes",A good sale to HanoiVietnam introduced a new e-Visa system - take advantage of it. Its the cheapest option.Sample Travel Date:November 4th - 11thThis is just ONE SAMPLE,https://www.theflightdeal.com/2025/10/19/cathay-pacific-los-angeles-hanoi-vietnam-652-roundtrip-including-all-taxes/,Theflightdeal.com,The Flight Deal,carriers,2025-10-19T15:55:16Z,2025-10-19,2025-11-03T00:32:06Z
Business Class Is Getting a Quiet-Luxury Makeover to Make Your Flight More Comfortable,"Commercial airliners like Air France and Cathay Pacific reimagine business class with an emphasis on discretion, design, and luxury. Here's how.",http://robbreport.com/motors/aviation/business-class-airlines-quiet-luxury-makeover-1237254280/,Robb Report,Dsimms29,carriers,2025-10-18T15:00:00Z,2025-10-18,2025-11-03T00:32:06Z
CCH Holdings Ltd Announces Full Exercise of Over-Allotment Option,"BUKIT MERTAJAM, MALAYSIA, Oct. 17, 2025 (GLOBE NEWSWIRE) -- CCH Holdings Ltd (the “Company”), a Malaysia-based specialty hotpot restaurant chain, today announced that the underwriters of its previously announced initial public offering (the “Offering”), which…",https://www.globenewswire.com/news-release/2025/10/17/3168906/0/en/CCH-Holdings-Ltd-Announces-Full-Exercise-of-Over-Allotment-Option.html,GlobeNewswire,CCH Holdings Ltd,carriers,2025-10-17T21:00:00Z,2025-10-17,2025-11-03T00:32:06Z
Odds On: When do markets think 'GTA VI' arrives?,"See the rest of the story here.

thefly.com provides the latest financial news as it breaks. Known as a leader in market intelligence, The Fly's real-time, streaming news feed keeps individual investors, professional money managers, active traders, and corpor…",https://thefly.com/permalinks/entry.php/id4215991/TTWO;$EBET-Odds-On-When-do-markets-think-GTA-VI-arrives,Thefly.com,NA,carriers,2025-10-17T16:56:46Z,2025-10-17,2025-11-03T00:32:06Z
Now Streaming: Apple announces five-year broadcast partnership with F1,"See the rest of the story here.

thefly.com provides the latest financial news as it breaks. Known as a leader in market intelligence, The Fly's real-time, streaming news feed keeps individual investors, professional money managers, active traders, and corpor…",https://thefly.com/permalinks/entry.php/id4215967/FUBO;DIS;NFLX;WBD;PSKY;CMCSA;CMCSK;AAPL;AMC;AMZN;FOX;FOXA;ROKU;AMCX-Now-Streaming-Apple-announces-fiveyear-broadcast-partnership-with-F,Thefly.com,NA,carriers,2025-10-17T15:36:52Z,2025-10-17,2025-11-03T00:32:06Z
Private Markets: Oura reaches $11B valuation after $900M funding round,"See the rest of the story here.

thefly.com provides the latest financial news as it breaks. Known as a leader in market intelligence, The Fly's real-time, streaming news feed keeps individual investors, professional money managers, active traders, and corpor…",https://thefly.com/permalinks/entry.php/id4215965/GOOG;$PRIVATE;NVDA;TSLA;MSFT;AAPL;GRMN;ADP;PAYX;WDAY;UPST;SOFI;NU;GOOGL;META;AMZN;IBM;PLTR;BA;LMT;NOC;RKLB;LHX;SPCE;ESTC-Private-Markets-Oura-reaches-B-valuation-after-M-funding-round,Thefly.com,NA,carriers,2025-10-17T15:26:18Z,2025-10-17,2025-11-03T00:32:06Z
"Cathay Pacific: Boston – Bangkok, Thailand. $785. Roundtrip, including all Taxes","A good sale to BangkokSample Travel Date:January 22nd - 29th, 2026This is just ONE SAMPLE travel date, for more availability, please follow the ""Fare Availability"" and ""How",https://www.theflightdeal.com/2025/10/17/cathay-pacific-boston-bangkok-thailand-785-roundtrip-including-all-taxes/,Theflightdeal.com,The Flight Deal,carriers,2025-10-17T13:25:07Z,2025-10-17,2025-11-03T00:32:06Z
"Cathay Group to update their frequent flyer programme, with full changes starting 2027","The Cathay Group has chosen to evolve and update its frequent flyer programme. Time to dig in a little. The new changes go into full effect from 1st January 2027, with them tapering in from 1st January 2026 as a transition period begins : Major changes includ…",https://economyclassandbeyond.boardingarea.com/2025/10/16/cathay-group-to-update-their-frequent-flyer-programme-with-full-changes-starting-2027/,Boardingarea.com,Economy Class & Beyond,carriers,2025-10-16T11:09:46Z,2025-10-16,2025-11-03T00:32:06Z
Closing Bell Movers: JB Hunt jumps 12% on earning,"See the rest of the story here.

thefly.com provides the latest financial news as it breaks. Known as a leader in market intelligence, The Fly's real-time, streaming news feed keeps individual investors, professional money managers, active traders, and corpor…",https://thefly.com/permalinks/entry.php/id4214546/JBHT;BANR;SNV;CRM;UAL;HPE;BITF-Closing-Bell-Movers--JB-Hunt-jumps--on-earning,Thefly.com,NA,carriers,2025-10-15T23:46:14Z,2025-10-15,2025-11-03T00:32:06Z
Chinese airlines protest US plan to ban their flights over Russian airspace,"Air China, China Eastern and China Southern filed complaints over the order proposed last week.",https://www.bostonherald.com/2025/10/15/chinese-airlines-russian-airspace/,Boston Herald,Associated Press,carriers,2025-10-15T21:35:46Z,2025-10-15,2025-11-03T00:32:06Z
Chinese airlines protest U.S. plan to ban flights over Russian airspace,China’s biggest state-owned air carriers are protesting a U.S. proposal to bar them from flying over Russia when traveling to or from the U.S.,https://www.pbs.org/newshour/world/chinese-airlines-protest-u-s-plan-to-ban-flights-over-russian-airspace,PBS,"Chan Ho-him, Associated Press",carriers,2025-10-15T18:25:55Z,2025-10-15,2025-11-03T00:32:06Z
Looming Russian Airspace Ban on Chinese Airlines Spotlights Transpacific Holdouts,"Hong Kong-based Cathay Pacific could be in line as the next transpacific loophole.
The post Looming Russian Airspace Ban on Chinese Airlines Spotlights Transpacific Holdouts first appeared on Altitude Yes.",https://altitudeyes.com/looming-russian-airspace-ban-on-chinese-airlines-spotlights-transpacific-holdouts/,Altitudeyes.com,Altitude Yes,carriers,2025-10-15T17:44:49Z,2025-10-15,2025-11-03T00:32:06Z
Crypto Currents: Miners surge after Aligned Data Centers megadeal,"See the rest of the story here.

thefly.com provides the latest financial news as it breaks. Known as a leader in market intelligence, The Fly's real-time, streaming news feed keeps individual investors, professional money managers, active traders, and corpor…",https://thefly.com/permalinks/entry.php/id4214290/BTC-USD;ETH-USD;SOL-USD;XRP-USD;IREN;WULF;NET;V;MA;AXP;BLK;CME;GLXY;COIN;OWLS;CIHKY;APLD;CORZ;CIFR;BTDR;RIOT;HUT;WYFI-Crypto-Currents-Miners-surge-after-Aligned-Data-Centers-megadeal,Thefly.com,NA,carriers,2025-10-15T15:42:51Z,2025-10-15,2025-11-03T00:32:06Z
"Cathay Pacific: New York – Hanoi, Vietnam. $753. Roundtrip, including all Taxes","A good sale to HanoiVietnam introduced a new e-Visa system - take advantage of it. Its the cheapest option.Sample Travel Date:January 21st - 28th, 2026This is just ONE",https://www.theflightdeal.com/2025/10/15/cathay-pacific-new-york-hanoi-vietnam-753-roundtrip-including-all-taxes/,Theflightdeal.com,The Flight Deal,carriers,2025-10-15T13:55:11Z,2025-10-15,2025-11-03T00:32:06Z
Trump Trade: Trump threatens Spain with tariffs over defense spending,"See the rest of the story here.

thefly.com provides the latest financial news as it breaks. Known as a leader in market intelligence, The Fly's real-time, streaming news feed keeps individual investors, professional money managers, active traders, and corpor…",https://thefly.com/permalinks/entry.php/id4214201/$ECON;SPY;SPX-Trump-Trade-Trump-threatens-Spain-with-tariffs-over-defense-spending,Thefly.com,NA,carriers,2025-10-15T13:48:22Z,2025-10-15,2025-11-03T00:32:06Z
China's Big Three Airlines Protest US Move to Bar Routes Over Russian Airspace,"China's top airlines oppose a U.S. plan to ban flights over Russia, warning of longer travel times and higher costs.",https://www.ibtimes.com/chinas-big-three-airlines-protest-us-move-bar-routes-over-russian-airspace-3787101,International Business Times,Madelaine Panganiban,carriers,2025-10-15T10:20:31Z,2025-10-15,2025-11-03T00:32:06Z
Chinese airlines clash with US over plan to block flights through Russian skies,"Chinese airlines are pushing back against a U.S. proposal to ban them from flying over Russia, arguing it would harm travelers and increase costs. The U.S. claims Chinese carriers gain an unfair advantage by using Russian airspace, which is closed to American…",https://economictimes.indiatimes.com/news/international/world-news/chinese-airlines-clash-with-us-over-plan-to-block-flights-through-russian-skies/articleshow/124568041.cms,The Times of India,AP,carriers,2025-10-15T04:56:08Z,2025-10-15,2025-11-03T00:32:06Z
Taiwan Financial Giant Shifts Assets To Boost Asset Mgmt Arm,"Chang-Ken Lee, President at Cathay Financial Holdings, says the group's insurance arm will mandate all its assets to the parent's asset management subsidiary...",https://finance.yahoo.com/video/taiwan-financial-giant-shifts-assets-043400047.html,Yahoo Entertainment,Bloomberg,carriers,2025-10-15T04:34:00Z,2025-10-15,2025-11-03T00:32:06Z
Chinese airlines file complaints over US plan to ban their flights over Russia,"China’s biggest state-owned air carriers are protesting a U.S. proposal to bar them from flying over Russia when traveling to or from the U.S. The U.S. side has said such flights give Chinese airlines an unfair cost advantage over American carriers, which can…",https://apnews.com/article/china-airlines-us-russia-4fd97608e783852167ce0e9ce6702dcc,Associated Press,Chan Ho-him,carriers,2025-10-15T04:27:46Z,2025-10-15,2025-11-03T00:32:06Z
Taiwan’s Cathay Life to Mandate Billions to Asset Management Arm,"{ window.open(this.href, '_blank'); }, 200); return false;""&gt;Why did Stellantis announce a $13 billion US investment? { window.open(this.href, '_blank'); }, 200); return false;""&gt;How will Walmart… [+776 chars]",https://biztoc.com/x/fcfb68e410fe8178,Biztoc.com,bloomberg.com,carriers,2025-10-15T03:11:28Z,2025-10-15,2025-11-03T00:32:06Z
Population-specific polygenic risk scores for people of Han Chinese ancestry,"The Taiwan Precision Medicine Initiative recruited and genotyped more than half a million Taiwanese participants, almost all of Han Chinese ancestry, and performed comprehensive genomic analyses and developed polygenic risk score prediction models for numerou…",https://www.nature.com/articles/s41586-025-09350-y,Nature.com,"Hung-Hsin Chen, Chien-Hsiun Chen, Ming-Chih Hou, Yun-Ching Fu, Ling-Hui Li, Che-Yu Chou, Erh-Chan Yeh, Ming-Fang Tsai, Chun-houh Chen, Hsin-Chou Yang, Yen-Tsung Huang, Yi-Min Liu, Chun-yu Wei, Jen-Ping Su, Wan-Jia Lin, Elin H. F. Wang, Chi-Lu Chiang, Jeng-Kai Jiang, I-Hui Lee, Kung-Hao Liang, Wei-Sheng Chen, Hung-Cheng Tsai, Shih-Yao Lin, Fu-Pang Chang, Hsiang-Ling Ho, Yi-Chen Yeh, Wei-Cheng Tseng, Ming-Hwai Lin, Hsiao-Ting Chang, Ling-Ming Tseng, Wen-Yih Liang, Paul Chih-Hsueh Chen, Yu-Cheng Hsieh, Yi-Ming Chen, Tzu-Hung Hsiao, Ching-Heng Lin, Yen-Ju Chen, I-Chieh Chen, Chien-Lin Mao, Shu-Jung Chang, Yen-Lin Chang, Yi-Ju Liao, Chih-Hung Lai, Wei-Ju Lee, Hsin Tung, Ting-Ting Yen, Hsin-Chien Yen, Ming-Yao Chen, Ying-Chin Lin, Yung-Ta Kao, Bi-Zhen Kao, Jing-Er Lee, Chi-Li Chung, Ju-Chi Liu, Paul Chan, Chang-Hsien Lin, Chia-Hsin Chen, I-Chen Wu, Lung-Chang Lin, Jiunn-Wei Wang, Shen-liang Shih, Sun-Wung Hsieh, Chih-Hsing Hung, Wei-Ming Li, Chih-Jen Yang, Cheng-Shin Yang, Ru-Hui Weng, Yu-Chi Chen, Chun-Ping Chang, Tai-Hsun Wu, Yu-Chang Lin, Yi-Jing Sheen, Shi-Heng Wang, Sye-Pu Chen, Timothy Raben, Erik Widen, Stephen Hsu, Feng-Jen Hsieh, Dong-Ru Ho, Yu-Huei Huang, Chung-Han Yang, Yu-Shu Huang, Yen-Fu Chen, Hsien-Ming Wu, Ping-Han Tsai, Kuan-Gen Huang, Chih-Yen Chien, Yi-Lwun Ho, Ming-Shiang Wu, Jia-Horng Kao, Yen-Bin Liu, Jyh-Ming Jimmy Juang, Mao-Hsin Lin, Yen-Hung Lin, Ji-Yuh Lee, Hsueh-Ju Lu, Chieh-Hua Lu, An-Chieh Feng, Jhih-Syuan Liu, Chien-Ping Chiang, Nain-Feng Chu, Jung-Chun Lin, Yi-Wei Yeh, En Meng, Chih-Yang Huang, Chi-Cheng Li, Tso-Fu Wang, Kuei-Ying Su, Jia-Kang Wang, Mei-Hsiu Chen, Hua-Fen Chen, Gwo-Chin Ma, Ting-Yu Chang, Fu-Tien Chiang, Hsing-Jung Chang, Kuo-Jang Kao, Chen-Fang Hung, Ching-Yao Tsai, Po-Yueh Chen, Kochung Tsui, Yuan-Tsong Chen, Pui-Yan Kwok, Wayne Huey-Herng Sheu, Shun-Fa Yang, Jyh-Ming Liou, Jaw-Yuan Wang, Jeng-Fong Chiou, Jer-Yuarn Wu, Cathy S. J. Fann",carriers,2025-10-15T00:00:00Z,2025-10-15,2025-11-03T00:32:06Z
Chinese airlines oppose Trump plan to stop flying over Russia on US routes,"WASHINGTON (Reuters) -Major Chinese airlines on Tuesday urged the Trump administration to abandon a plan to bar them from flying over Russia on U.S. flights,...",https://ca.news.yahoo.com/chinese-airlines-oppose-trump-plan-222032361.html,Yahoo Entertainment,By David Shepardson,carriers,2025-10-14T22:20:32Z,2025-10-14,2025-11-03T00:32:06Z
Boeing on pace to fulfill the most orders since 2018,Boeing's 737 MAX commercial aircraft output this year has helped to put the nation's largest aerospace firm on pace to produce its most aircraft since 2018.,https://www.upi.com/Top_News/US/2025/10/14/boeing-production-thrid-quarter/7671760470591/,UPI.com,Mike Heuer,carriers,2025-10-14T21:02:25Z,2025-10-14,2025-11-03T00:32:06Z
This is the longest flight in the world — here’s how to survive it,A new route just set a sky-high record.,https://nypost.com/2025/10/14/lifestyle/this-is-the-longest-flight-in-the-world-heres-how-to-survive-it/,New York Post,Brooke Steinberg,carriers,2025-10-14T14:28:12Z,2025-10-14,2025-11-03T00:32:06Z
The UK Air Passenger Duty Tax (APD): The Enemy Of Cheap Premium Airfare,"When trying to find valuable airfare or miles and points redemptions, the Air Passenger Duty tax can be a huge blocker. Here's how it works.
The post The UK Air Passenger Duty Tax (APD): The Enemy Of Cheap Premium Airfare appeared first on The Alviator.",https://thealviator.com/2025/10/uk-apd-tax/,Thealviator.com,The Alviator,carriers,2025-10-14T08:19:55Z,2025-10-14,2025-11-03T00:32:06Z
If I Had To Pick An Airport Terminal To Live In…,"A six-hour layover (which eventually turned into an eight-hour layover) might sound horrible, but not with oneworld emerald status in Terminal 3 at London Heathrow. On the contrary, the layover flew by. For this trip, I had deliberately scheduled a long layov…",https://liveandletsfly.com/oneworld-lounges-t3-lhr/,Liveandletsfly.com,Live and Let’s Fly,carriers,2025-10-13T06:39:43Z,2025-10-13,2025-11-03T00:32:06Z
$200 Cashback When You Spend $1500 or More in One Transaction at Cathay Pacific @ NAB Goodies,"Claim this offer Shop with participating merchants. Pay with your active NAB personal Visa debit card, credit card or NAB Now Pay Later digital card. You can also use your digital wallet. Get …",https://www.ozbargain.com.au/node/928422,Ozbargain.com.au,bargainhunt2020,carriers,2025-10-13T01:58:16Z,2025-10-13,2025-11-03T00:32:06Z
"Cathay Pacific: Los Angeles – Penang, Malaysia. $690. Roundtrip, including all Taxes","A good sale to PenangSample Travel Date:November 4th - 11thThis is just ONE SAMPLE travel date, for more availability, please follow the ""Fare Availability"" and ""How to Sea",https://www.theflightdeal.com/2025/10/12/cathay-pacific-los-angeles-penang-malaysia-690-roundtrip-including-all-taxes-2/,Theflightdeal.com,The Flight Deal,carriers,2025-10-12T15:55:17Z,2025-10-12,2025-11-03T00:32:06Z
Review: Cathay Pacific 777 Regional Business Class (ICN-HKG),"A review of Cathay Pacific's (non-refreshed) regional 777 business class on the short flight from Seoul Incheon to Hong Kong.
The post Review: Cathay Pacific 777 Regional Business Class (ICN-HKG) appeared first on The Alviator.",https://thealviator.com/2025/10/cathay-pacific-regional-business-review/,Thealviator.com,The Alviator,carriers,2025-10-11T19:58:06Z,2025-10-11,2025-11-03T00:32:06Z
Trump wants to ground Chinese airlines' advantage on US routes by making their flights hours longer,"The Trump Administration seeks to ban Chinese airlines from flying US routes over Russia, as they have an ""unequal"" advantage.",https://www.businessinsider.com/trump-wants-ban-chinese-airlines-using-russian-airspace-us-routes-2025-10,Business Insider,Taylor Rains,carriers,2025-10-10T22:23:21Z,2025-10-10,2025-11-03T00:32:06Z
"Cathay Pacific: New York – Chiang Mai, Thailand. $742. Roundtrip, including all Taxes","A good sale to Chiang MaiSample Travel Date:January 21st - 27th, 2026This is just ONE SAMPLE travel date, for more availability, please follow the ""Fare Availability"" and """,https://www.theflightdeal.com/2025/10/10/cathay-pacific-new-york-chiang-mai-thailand-742-roundtrip-including-all-taxes/,Theflightdeal.com,The Flight Deal,carriers,2025-10-10T17:55:28Z,2025-10-10,2025-11-03T00:32:06Z
"Review: Oneworld Lounge, Seoul Incheon (ICN)","A review of the Oneworld lounge at (Seoul) Incheon Airport, one of the pioneering facilities of Oneworld's new lounge concept.
The post Review: Oneworld Lounge, Seoul Incheon (ICN) appeared first on The Alviator.",https://thealviator.com/2025/10/oneworld-lounge-incheon/,Thealviator.com,The Alviator,carriers,2025-10-10T14:12:39Z,2025-10-10,2025-11-03T00:32:06Z
Trump proposes barring Chinese airlines from flying over Russia on US routes,"The Trump administration proposed banning Chinese airlines from flying over Russia on U.S. routes, citing a competitive disadvantage for American carriers due to reduced flight times. This move escalates trade tensions, as Chinese airlines have benefited from…",https://economictimes.indiatimes.com/news/international/global-trends/trump-proposes-barring-chinese-airlines-from-flying-over-russia-on-us-routes/articleshow/124445362.cms,The Times of India,Reuters,carriers,2025-10-10T05:40:34Z,2025-10-10,2025-11-03T00:32:06Z
"Psychedelic: PharmAla launches portal for MDMA prescribers, therapists","See the rest of the story here.

thefly.com provides the latest financial news as it breaks. Known as a leader in market intelligence, The Fly's real-time, streaming news feed keeps individual investors, professional money managers, active traders, and corpor…",https://thefly.com/permalinks/entry.php/id4210901/MDXXF;GHRS;SILO;BTC-USD-Psychedelic-PharmAla-launches-portal-for-MDMA-prescribers-therapists,Thefly.com,NA,carriers,2025-10-09T14:52:55Z,2025-10-09,2025-11-03T00:32:06Z
"October 9 Bonus Offer Highlight: Qatar Airways Privilege Club – Up to 6,000 bonus Avios on all flights worldwide","Today's bonus offer highlight is a new systemwide flight bonus from Qatar Airways who are offering up to 6,000 bonus Avios on their flights. This offer is meant for Hilton Honors members so to be safe make sure you Hilton member (free to join) before booking!…",https://blog.frequentflyerbonuses.com/2025/10/october-9-2025-highlight.html,Frequentflyerbonuses.com,Frequent Flyer Bonuses,carriers,2025-10-09T14:45:04Z,2025-10-09,2025-11-03T00:32:06Z
Trump Trade: Generics to be excluded from pharma tariff plan,"See the rest of the story here.

thefly.com provides the latest financial news as it breaks. Known as a leader in market intelligence, The Fly's real-time, streaming news feed keeps individual investors, professional money managers, active traders, and corpor…",https://thefly.com/permalinks/entry.php/id4210858/$ECON;SPY;SPX;AZN;BMY;LLY;GSK;JNJ;MRK;NVS;PFE;RHHBY;SNY-Trump-Trade-Generics-to-be-excluded-from-pharma-tariff-plan,Thefly.com,NA,carriers,2025-10-09T14:08:46Z,2025-10-09,2025-11-03T00:32:06Z
"Oracle initiated, Roblox upgraded: Wall Street's top analyst calls","See the rest of the story here.

thefly.com provides the latest financial news as it breaks. Known as a leader in market intelligence, The Fly's real-time, streaming news feed keeps individual investors, professional money managers, active traders, and corpor…",https://thefly.com/permalinks/entry.php/id4210835/RBLX;IQV;PNC;TSCO;SEE;FRPT;BE;GPK;RNR;NTNX;ORCL;MCD;YUM;OKLO;WING-Oracle-initiated-Roblox-upgraded-Wall-Streets-top-analyst-calls,Thefly.com,NA,carriers,2025-10-09T13:37:46Z,2025-10-09,2025-11-03T00:32:06Z
Morning Movers: Akero jumps after deal to be bought by Novo Nordisk,"See the rest of the story here.

thefly.com provides the latest financial news as it breaks. Known as a leader in market intelligence, The Fly's real-time, streaming news feed keeps individual investors, professional money managers, active traders, and corpor…",https://thefly.com/permalinks/entry.php/id4210775/AKRO;OKLO;TSCO;DAL;PEP;RACE;NVO-Morning-Movers-Akero-jumps-after-deal-to-be-bought-by-Novo-Nordisk,Thefly.com,NA,carriers,2025-10-09T12:54:22Z,2025-10-09,2025-11-03T00:32:06Z
"Jeddah-Hyderabad IndiGo flight diverted to Mumbai after 'human bomb' threat, aircraft lands safely","An IndiGo flight from Jeddah to Hyderabad was diverted to Mumbai after the Rajiv Gandhi International Airport received a threat email about a ""human bomb"" onboard. The email warned of a blast similar to the 1984 Madras Airport incident. The aircraft landed sa…",https://economictimes.indiatimes.com/industry/transportation/airlines-/-aviation/hyderabad-bound-indigo-flight-diverted-to-mumbai-after-human-bomb-threat-aircraft-lands-safely/articleshow/125015223.cms,The Times of India,PTI,industry,2025-11-01T11:30:44Z,2025-11-01,2025-11-03T00:32:08Z
Hawaiian Airlines logo (2001–2017),"Contributed by Alp AtalanSource: 1000logos.net License: All Rights Reserved. Hawaiian Airlines is an aviation company headquartered in Honolulu, Hawaii, USA, hence its name. The logo shown here was introduced in 2001 and replaced with a new version in 2017. I…",https://fontsinuse.com/uses/72879/hawaiian-airlines-logo-2001-2017,Fontsinuse.com,Alp Atalan,industry,2025-11-01T09:52:29Z,2025-11-01,2025-11-03T00:32:08Z
When The President Flew On United Airlines: The Story Of Executive One,"On December 26, 1973, President Richard Nixon made aviation history by becoming the only sitting U.S. President to fly on a regularly scheduled commercial airline flight. When President Nixon Flew Commercial On United Airlines The 1973 oil crisis began when O…",https://liveandletsfly.com/president-flew-united-airlines-executive-one/,Liveandletsfly.com,Live and Let’s Fly,industry,2025-11-01T09:39:06Z,2025-11-01,2025-11-03T00:32:08Z
PM Karki’s controversial selection in NAC,"Kathmandu, November 1: Under the pretext of good governance, the interim government has started appointing individuals with poor track records […]
The post PM Karki’s controversial selection in NAC appeared first on Peoples' Review.",https://mypeoplesreview.com/2025/11/01/pm-karkis-controversial-selection-in-nac/,Mypeoplesreview.com,People's Review,industry,2025-11-01T09:02:32Z,2025-11-01,2025-11-03T00:32:08Z
"Even as Trump's tariffs bite, homegrown competition barriers are still pushing prices up",Canadians are  upset at Donald Trump’s tariffs but advocates say there are still plenty of made-in-Canada protectionist barriers that stifle competition.,https://nationalpost.com/news/canada/made-in-canada-competition-barriers-hurting-prices-economy,National Post,Simon Tuck,industry,2025-11-01T08:00:13Z,2025-11-01,2025-11-03T00:32:08Z
Flights to Lukla halted for three days due to adverse weather,"LUKLA: Flights to Tenzing-Hillary Airport in Lukla, the gateway to Mount Everest, have been suspended for the past three days due to continuous rainfall and fog covering the sky. With flights halted, hotels from Lukla to Namche Bazaar are now fully occupied b…",https://english.khabarhub.com/2025/01/503768/,Khabarhub.com,Khabarhub,industry,2025-11-01T07:45:52Z,2025-11-01,2025-11-03T00:32:08Z
"Air traffic control absences surge, hitting almost half of major US airports","WASHINGTON (Reuters) -Nearly 50% of the 30 busiest U. airports faced shortages of air traffic controllers, the Federal Aviation Administration said on Friday...",https://www.yahoo.com/news/articles/air-traffic-control-absences-surge-031703288.html,Yahoo Entertainment,By David Shepardson and Kanishka Singh,industry,2025-11-01T03:17:03Z,2025-11-01,2025-11-03T00:32:08Z
Alaska Airlines to audit IT systems after global outage,"Alaska Air Group is partnering with Accenture to audit its IT systems following a widespread outage impacting Microsoft's Azure platform. This disruption grounded flights, forcing over 400 cancellations and affecting more than 49,000 passengers. The airline w…",https://economictimes.indiatimes.com/tech/technology/alaska-airlines-to-audit-it-systems-after-global-outage/articleshow/125008957.cms,The Times of India,Reuters,industry,2025-11-01T02:59:14Z,2025-11-01,2025-11-03T00:32:08Z
"Delta pilot says ""that was close"" after go-around at Boston's Logan Airport",The FAA is investigating an apparent close call at Logan Airport Thursday involving a Delta Air Lines flight that was landing and a Cape Air plane that was taking off.,https://www.cbsnews.com/boston/news/delta-close-call-logan-airport-boston/,CBS News,Neal  Riley,industry,2025-11-01T02:17:00Z,2025-11-01,2025-11-03T00:32:08Z
United Airlines planes collide at LaGuardia: ‘We all felt a bump’,Maintenance crews are evaluating the clipped plane for any malfunctions following the collision.,https://nypost.com/2025/10/31/us-news/united-airlines-planes-collide-at-laguardia-we-all-felt-a-bump/,New York Post,Katherine Donlevy,industry,2025-11-01T01:29:04Z,2025-11-01,2025-11-03T00:32:08Z
The longest and shortest flights in Indian aviation this winter,"The shortest international flight by an Indian carrier is between Trichy and Jaffna, operated by IndiGo, while at 12,594 km, the San Francisco-Kolkata segment of the San Francisco-Bengaluru flight is the longest, which is operated by Air India.",https://www.livemint.com/industry/the-longest-and-shortest-flights-in-indian-aviation-this-winter-11761919651971.html,Livemint,Ameya Joshi,industry,2025-11-01T00:51:43Z,2025-11-01,2025-11-03T00:32:08Z
"Air traffic control shortages pile up, causing delays and disruptions at airports across the US","Air traffic control shortages are ramping up as the government shutdown continues, with flight delays reported at airports across the US.",https://www.businessinsider.com/air-traffic-control-shortages-airport-flight-delays-government-shutdown-2025-10,Business Insider,"kvlamis@businessinsider.com (Kelsey Vlamis,Taylor Rains)",industry,2025-11-01T00:48:09Z,2025-11-01,2025-11-03T00:32:08Z
How can businesses use your data to charge you more?,"rom airline tickets and e-commerce to rideshares and food delivery, some companies are quietly using your personal data to decide how much you pay — and it could mean you’re paying more than the person next to you. 
The post How can businesses use your data t…",https://www.digitaljournal.com/business/how-can-businesses-use-your-data-to-charge-you-more/article,Digital Journal,Dr. Tim Sandle,industry,2025-11-01T00:12:00Z,2025-11-01,2025-11-03T00:32:08Z
"From OGG To ORD To LAX, Where Do Airport Three-Letter Codes Come From?","For more than 50 years, airports around the world have been designated by three-letter codes, that usually—but not always—refer to their cities like ATL, DEN, and LAX.",https://www.forbes.com/sites/michaelgoldstein/2025/10/31/from-ogg-to-ord-to-lax-where-do-airport-three-letter-codes-come-from/,Forbes,"Michael Goldstein, Contributor, 
 Michael Goldstein, Contributor
 https://www.forbes.com/sites/michaelgoldstein/",industry,2025-10-31T23:14:22Z,2025-10-31,2025-11-03T00:32:08Z
You can now earn Southwest Airlines points with a debit card—here’s how it works,"Southwest Airlines has launched a new debit card that earns Rapid Rewards points on everyday spending. Here’s what to know about the fees, bonuses, and...",https://creators.yahoo.com/lifestyle/story/you-can-now-earn-southwest-airlines-points-with-a-debit-cardheres-how-it-works-215426469.html,Yahoo Entertainment,Tamara Gane,industry,2025-10-31T21:54:26Z,2025-10-31,2025-11-03T00:32:08Z
Pack This Essential Bluetooth Dongle for Holiday Flights. You'll Thank Me When You Land,Don't waste your time with awful airline earbuds. The AirFly makes in-flight entertainment enjoyable again.,https://www.cnet.com/deals/this-bluetooth-dongle-is-essential-for-holiday-flights-youll-thank-me-when-you-land/,CNET,Nelson Aguilar,industry,2025-10-31T21:52:00Z,2025-10-31,2025-11-03T00:32:08Z
Magnifica Air Wants to Bring Luxe Flying to Travelers Who Can’t Afford Private Jets,"Magnifica Air is a luxury airline launching in 2027, aiming to bring the VIP travel experience to flyers who can't quite afford private jets.",https://matadornetwork.com/read/magnifica-air/,Matadornetwork.com,Suzie Dundas,industry,2025-10-31T20:34:22Z,2025-10-31,2025-11-03T00:32:08Z
Airline CEOs Went to the White House. Here’s What They Want,Airline industry leaders are now amping up the pressure on Congress to pass a short-term spending bill to reopen the government as air traffic controllers miss their first paychecks and delays caused by staffing shortages continue to pile up at airports acros…,http://skift.com/2025/10/31/airline-ceos-attend-white-house-meeting-on-shutdown/,Skift,Meghna Maharishi,industry,2025-10-31T20:32:56Z,2025-10-31,2025-11-03T00:32:08Z
Airline popular with tourists will run unexpected flight to Iraq,"With U.S. forces withdrawing from Iraq in 2003, the war that began in 2003 as part of George W. Bush's wider war on terror after 9/11 continues to have far-reaching consequences across the region.
Regular breakouts of political instability between the governm…",https://biztoc.com/x/c07734dc8913effc,Biztoc.com,thestreet.com,industry,2025-10-31T19:15:46Z,2025-10-31,2025-11-03T00:32:08Z
Can American Airlines Get Its Groove Back? Here’s What It’ll Take To Be ‘Something Special In The Air’ Again,"American Airlines once promised to be “Something Special in the Air.” They lost that spark as managment misjudged every industry trend over the last 12 years. Now, as the airline talks premium, the real question is whether it can rediscover what made it great…",https://viewfromthewing.com/can-american-airlines-get-its-groove-back-heres-what-itll-take-to-be-something-special-in-the-air-again/,Viewfromthewing.com,Gary Leff,industry,2025-10-31T18:34:48Z,2025-10-31,2025-11-03T00:32:08Z
WATCH: JetBlue flight makes emergency landing after losing altitude,"A JetBlue flight traveling from Mexico to New Jersey on Thursday made an emergency landing after experiencing a drop in altitude, leaving several passengers injured, according to the airline.",https://abcnews.go.com/US/video/jetblue-flight-makes-emergency-landing-after-losing-altitude-127070458,ABC News,ABC News,industry,2025-10-31T18:31:12Z,2025-10-31,2025-11-03T00:32:08Z
Your CVS Purchases Can Now Earn Airline Points — Here’s the Trick,"Until recently, there haven’t been many ways to earn travel points from everyday, boring purchases.Sure, you could earn credit card points — but that’s tied to the bank, not the…",https://yourmileagemayvary.com/2025/10/31/earn-virgin-red-points-at-cvs/,Yourmileagemayvary.com,Your Mileage May Vary,industry,2025-10-31T18:13:32Z,2025-10-31,2025-11-03T00:32:08Z
"New Airline Competition: Facts, Myths & Misinformation",Tough realities v obsolete planning. A candid look at airline competition and the future realities of air transportation in the USA.,https://www.forbes.com/sites/mikeboyd/2025/10/31/new-airline-competition-facts-myths--misinformation/,Forbes,"Michael Boyd, Contributor, 
 Michael Boyd, Contributor
 https://www.forbes.com/sites/mikeboyd/",industry,2025-10-31T18:06:06Z,2025-10-31,2025-11-03T00:32:08Z
Forfeiture of Russian plane seized in Toronto requires feds to ‘disentangle’ ownership,Foreign Affairs Minister Anita Anand says pursuing forfeiture of a seized Russian cargo plane that has been parked for years at Toronto Pearson International Airport has forced the government to “disentangle” the aircraft's complex ownership structure.,https://www.cbc.ca/news/politics/russian-antonov-ownership-9.6961945,CBC News,NA,industry,2025-10-31T18:01:27Z,2025-10-31,2025-11-03T00:32:08Z
"Cranky Weekly Review presented by Oakland San Francisco Bay Airport: DOT Slashes Mexico Service, Southwest Execs Seen Shopping for Loungewear","The long-awaited part three of our look at what’s wrong with American is now live. This week, we talk about the importance of leadership and what’s lacking at the airline. You get an extended director’s cut this week since there was some confusion with our pr…",https://crankyflier.com/2025/10/31/cranky-weekly-review-presented-by-oakland-san-francisco-bay-airport-dot-slashes-mexico-service-southwest-execs-seen-shopping-for-loungewear/,Crankyflier.com,Andrew,industry,2025-10-31T18:00:00Z,2025-10-31,2025-11-03T00:32:08Z
"After Attendants Fight, United Delays Flight","A United Airlines flight from Des Moines, Iowa, to Chicago was delayed more than four hours on Monday, but not for any of the usual reasons. Passengers boarded Flight 2138 expecting a quick trip, only to be caught in the fallout from an apparent onboard blowu…",https://www.newser.com/story/377880/after-attendants-fight-united-delays-flight.html,Newser,Jenn Gidman with Newser.AI,industry,2025-10-31T17:41:00Z,2025-10-31,2025-11-03T00:32:08Z
Unfriendly skies: Airline CEOs pressure Congress to pass funding bill as flight disruptions mount,"If you are flying anytime soon, you may need to be prepared for some turbulence.",https://finance.yahoo.com/news/unfriendly-skies-airline-ceos-pressure-congress-to-pass-funding-bill-as-flight-disruptions-mount-173639343.html,Yahoo Entertainment,Pras Subramanian,industry,2025-10-31T17:36:39Z,2025-10-31,2025-11-03T00:32:08Z
DGCA notifies grievance redressal system for disability-friendly air travel,"DGCA enforces new rules for airlines and airports to protect passenger rights and ensure accessible, barrier-free air travel for persons with disabilities.",https://www.thehindubusinessline.com/economy/logistics/dgca-notifies-grievance-redressal-system-for-disability-friendly-air-travel/article70227091.ece,BusinessLine,Rohit  Vaid,industry,2025-10-31T17:16:51Z,2025-10-31,2025-11-03T00:32:08Z
"Full Video: Oman Air’s New Strategy Focuses on Point-to-Point, Not Playing Catch-Up","Oman Air would like to prove that smaller carriers can punch above their weight—if they stay focused. Its CEO is betting on Oman’s natural strengths, smarter distribution, and a full-scale digital reboot to turn the airline into a leaner, more profitable glob…",http://skift.com/2025/10/31/full-video-oman-airs-new-strategy-focuses-on-point-to-point-not-playing-catch-up/,Skift,Darin Graham,industry,2025-10-31T17:13:30Z,2025-10-31,2025-11-03T00:32:08Z
China Eastern Airlines and Shanghai Airport Authority Unveil Key Achievements at 2025 North Bund International Aviation Forum,"SHANGHAI, Oct. 31, 2025 (GLOBE NEWSWIRE) -- The 2025 North Bund International Aviation Forum opened today at the Grand Halls in Shanghai, China, organized by the Ministry of Transport of the People's Republic of China and Shanghai Municipal People's Governmen…",https://www.globenewswire.com/news-release/2025/10/31/3178526/0/en/China-Eastern-Airlines-and-Shanghai-Airport-Authority-Unveil-Key-Achievements-at-2025-North-Bund-International-Aviation-Forum.html,GlobeNewswire,China Eastern Airlines,industry,2025-10-31T16:35:00Z,2025-10-31,2025-11-03T00:32:08Z
"An international airline to be shut down, all flights canceled","The start of the fall has been a difficult time for a number of smaller and low-cost airlines around the world.
Scandinavian budget carriers Play and Braathens both left travelers across Europe stranded after abruptly shutting down all operations within a few…",https://biztoc.com/x/eeb434aa43331d0e,Biztoc.com,thestreet.com,industry,2025-10-31T16:08:33Z,2025-10-31,2025-11-03T00:32:08Z
Disney Trips Ruined: FAA Staffing Crunch Leaves Travelers Stranded,"A shortage of air traffic controllers created widespread travel headaches for guests heading to The Most Magical Place on Earth last night. According to advisories issued by the Federal Aviation Administration (FAA), a ground delay program was put in place fo…",https://insidethemagic.net/2025/10/disney-trips-ruined-faa-staffing-crunch-leaves-travelers-stranded-em1/,Inside the Magic,Eva Miller,industry,2025-10-31T15:48:51Z,2025-10-31,2025-11-03T00:32:08Z
Southwest Airlines gets green light for first-ever airport lounge in Hawaii,"Southwest Airlines gained state approval for its first-ever airport lounge in Hawaii, at Daniel K. Inouye International Airport (HNL).",https://thepointsguy.com/news/southwest-airlines-lounge-honolulu/,The Points Guy,Sean Cudahy,industry,2025-10-31T15:45:52Z,2025-10-31,2025-11-03T00:32:08Z
Delta Continues to Grow in Austin With Three More Routes Added to the Map,"Delta Air Lines continues to expand at Austin-Bergstrom International Airport (AUS) with three new…
The post Delta Continues to Grow in Austin With Three More Routes Added to the Map appeared first on The Bulkhead Seat.",https://thebulkheadseat.com/delta-continues-to-grow-in-austin-with-three-more-routes-added-to-the-map/,Thebulkheadseat.com,The Bulkhead Seat,industry,2025-10-31T15:21:39Z,2025-10-31,2025-11-03T00:32:08Z
JetBlue’s Stock Tanks On Weak Outlook And Concerns Over Higher Costs,JetBlue stock take a nosedive as the management gives a cautious 2025 outlook. Rising costs and intense competition could be a major concern.,https://www.forbes.com/sites/ankitadhawan/2025/10/31/jetblues-stock-tanks-on-weak-outlook-and-concerns-over-higher-costs/,Forbes,"Ankita Dhawan, Contributor, 
 Ankita Dhawan, Contributor
 https://www.forbes.com/sites/ankitadhawan/",industry,2025-10-31T15:19:43Z,2025-10-31,2025-11-03T00:32:08Z
"Flight Delays Hit Austin, Nashville And Newark Friday After 3 Air Traffic Staffing Alerts","With high winds expected to hamper East Coast hubs on Friday, air traffic controllers continue to call out of work in greater numbers after missing their first full paycheck—leading to further flight delays.",https://www.forbes.com/sites/suzannerowankelleher/2025/10/31/flight-delays-friday-3-air-traffic-staffing-alerts/,Forbes,"Suzanne Rowan Kelleher, Forbes Staff, 
 Suzanne Rowan Kelleher, Forbes Staff
 https://www.forbes.com/sites/suzannerowankelleher/",industry,2025-10-31T15:19:05Z,2025-10-31,2025-11-03T00:32:08Z
NEWS: Travel Is Getting COMPLICATED at the Orlando Airport Amid Flight Delays,"All across the country, airlines have been reporting major delays and flight cancellations due to bad weather, staffing shortages, and more. Now, the Orlando Airport has a new statement as the government shutdown continues.
The post NEWS: Travel Is Getting CO…",https://allears.net/2025/10/31/travel-is-getting-complicated-at-the-orlando-airport-amid-flight-delays/,allears.net,Jaden Green,industry,2025-10-31T15:16:01Z,2025-10-31,2025-11-03T00:32:08Z
Air Travel Breakdown Likely As Unpaid ATC And TSA Workers Face Stress,"Sara Nelson, the flight attendant leader credited with a key role in ending the 2019 shutdown, says U.S. air travel could break down in the next few days",https://www.forbes.com/sites/tedreed/2025/10/31/air-travel-breakdown-nears-as-unpaid-atc-and-tsa-workers-face-stress/,Forbes,"Ted Reed, Senior Contributor, 
 Ted Reed, Senior Contributor
 https://www.forbes.com/sites/tedreed/",industry,2025-10-31T15:06:29Z,2025-10-31,2025-11-03T00:32:08Z
"Air India seeks funds from Tata Sons, Singapore Airlines for upgrades","Air India seeks ₹8,000-10,000 crore from Tata Sons and Singapore Airlines for system and service upgrades amid financial challenges.",https://www.thehindubusinessline.com/companies/air-india-seeks-funds-from-tata-sons-singapore-airlines-for-upgrades/article70226424.ece,BusinessLine,Janaki Krishnan & Aneesh Phadnis,industry,2025-10-31T15:02:42Z,2025-10-31,2025-11-03T00:32:08Z
Portugal says planned TAP airline sale has cross-party backing,"{ window.open(this.href, '_blank'); }, 200); return false;""&gt;Why did Apples iPhone sales surge? { window.open(this.href, '_blank'); }, 200); return false;""&gt;How did Amazon boost its stock today? … [+700 chars]",https://biztoc.com/x/971f1bd0c89c7aaa,Biztoc.com,reuters.com,industry,2025-10-31T15:02:10Z,2025-10-31,2025-11-03T00:32:08Z
Bulgaria Seeks Exemption From US Sanctions on Russia's Lukoil - Reports,"MOSCOW (Sputnik) - Bulgaria is exploring the possibility of requesting a waiver from US sanctions on Russian oil giant Lukoil, a newspaper reported, citing sources familiar with the matter.",https://sputnikglobe.com/20251101/bulgaria-seeks-exemption-from-us-sanctions-on-russias-lukoil---reports-1123051223.html,Sputnikglobe.com,Sputnik International,events,2025-11-01T23:27:00Z,2025-11-01,2025-11-03T00:32:10Z
"Assembly elections: As cash transfers emerge as quickest way to victory at hustings, will it work in Bihar?","Cash transfers are revolutionizing benefit delivery in Bihar, with schemes like Mukhyamantri Mahila Rojgar Yojana and revised old age pensions reaching beneficiaries quickly. This direct disbursement contrasts with slower, official-mediated schemes, making po…",https://timesofindia.indiatimes.com/india/assembly-elections-as-cash-transfers-emerge-as-quickest-way-to-victory-at-hustings-will-it-work-in-bihar/articleshow/125027159.cms,The Times of India,Sidhartha,events,2025-11-01T22:43:32Z,2025-11-01,2025-11-03T00:32:10Z
News Wrap: Israel says it received remains from Hamas that don’t belong to hostages,"In our news wrap Saturday, Israel says the remains of three people Hamas handed over don’t belong to any hostages, Ukrainian forces say they destroyed a key fuel pipeline supplying the Russian army, emergency aid is arriving in hurricane-battered Jamaica, two…",https://biztoc.com/x/96e579a1d8400551,Biztoc.com,pbs.org,events,2025-11-01T21:57:38Z,2025-11-01,2025-11-03T00:32:10Z
Balen’s Controversial Post,"Kathmandu Mayor Balen Shah Faces Controversy Over Social Media Post The Kathmandu Metropolitan City Mayor, Balen Shah, has once again found himself at the center of controversy due to his social media activity. Known for expressing his views online, Shah post…",https://nep123.com/balens-controversial-post/,Nep123.com,Editor,events,2025-11-01T19:44:09Z,2025-11-01,2025-11-03T00:32:10Z
Astronomy Picture of the Day- Government shutdown so no APOD Today. I will dig up some of my favorites - An Unusual Mountain on Asteroid Ceres,"Explanation: What created this large mountain on asteroid Ceres? No one is yet sure. As if in anticipation of today being Asteroid Day on Earth, the robotic spacecraft Dawn in orbit around Ceres took the best yet image of an unusually tall mountain on the Ast…",https://freerepublic.com/focus/f-chat/4350068/posts,Freerepublic.com,NASA,events,2025-11-01T19:27:19Z,2025-11-01,2025-11-03T00:32:10Z
